timestamp,T2r,T2e,T1
2025-04-22T01:21:51.204698,"[1.078793309616781, 1.312420248703856]","[10.568849743535248, 0.2658017085996529]",12.561851784098527
2025-04-22T01:22:39.462376,"[1.301480924474514, 1.3329609966787501]","[15.884330425159288, 0.27077994130889316]",12.752638558213452
2025-04-22T01:23:27.529963,"[1.496313708666174, 1.3548854620873207]","[25.979374187437504, 0.2646624279819867]",12.416950124909134
2025-04-22T01:24:15.763065,"[1.0047107878779862, 1.3258735265164594]","[16.86275699862089, 0.2685945708419455]",11.371899346336242
2025-04-22T01:25:03.858019,"[0.9348869570542641, 1.3018717759080198]","[17.96274030116794, 0.2692705652991303]",12.412666868453478
2025-04-22T01:25:52.039286,"[1.224740054881136, 1.349335241280829]","[10.143422597988154, 0.2638314987990644]",12.131357069909752
2025-04-22T01:26:40.338358,"[1.2553532001659284, 1.3220079982353914]","[17.78392739751114, 0.27468894530636856]",12.451020807962513
2025-04-22T01:27:28.607244,"[0.928524016344096, 1.306843240830763]","[11.503041757989642, 0.2783929400800571]",12.054765602827727
2025-04-22T01:28:16.920491,"[1.1122970804570445, 1.343829840090046]","[22.74164690809379, 0.2727614853529521]",11.2018501342364
2025-04-22T01:29:05.415438,"[0.8617783216245275, 1.294089720970537]","[10.773686867972366, 0.272150383508043]",11.870483732513591
2025-04-22T01:29:53.715929,"[1.2221047559558698, 1.3237965382584047]","[9.246917202560208, 0.2732862305078463]",11.395623755911377
2025-04-22T01:30:42.042605,"[1.4745365861385697, 1.3518745693866077]","[21.363508005631886, 0.2622663671590173]",12.219622269638029
2025-04-22T01:31:30.354834,"[1.1068950865242504, 1.3445332763553637]","[9.383534359797096, 0.27961443890579707]",13.294826461119337
2025-04-22T01:32:18.674867,"[1.1927861839187701, 1.298049936696187]","[9.250469453697248, 0.2717373196701245]",11.336307127116461
2025-04-22T01:33:06.974181,"[1.1441407157469454, 1.3352971002229275]","[8.818062619732853, 0.2761595054197028]",12.131099257517802
2025-04-22T01:33:55.276057,"[1.446429878434315, 1.3251012664736734]","[11.336420370598827, 0.2755030300628203]",13.256265497354121
2025-04-22T01:34:43.602823,"[1.3947038968723746, 1.339449104120125]","[12.151284761301413, 0.2716444196159449]",11.660862714738695
2025-04-22T01:35:31.893436,"[1.3065162826752217, 1.3409724665226683]","[9.652779932342613, 0.273047133800544]",12.708404130348216
2025-04-22T01:36:20.205318,"[1.314872471012655, 1.343881952341059]","[17.954819137595084, 0.2690868225779437]",11.260093864555873
2025-04-22T01:37:08.533122,"[1.3703263468250355, 1.3668287382899873]","[14.713867809606736, 0.2837422514186585]",12.520093084054826
2025-04-22T01:37:56.814274,"[2.1153731518629906, 1.3601319106969267]","[15.773845269037743, 0.2738578819774893]",12.338684573162265
2025-04-22T01:38:45.110118,"[1.3104676087798275, 1.3426459071075438]","[10.428360636847342, 0.27144989150166987]",12.957830512251942
2025-04-22T01:39:33.411081,"[1.7475810168894512, 1.3616009789317385]","[16.71899788473673, 0.27276170872246075]",10.370366316054287
2025-04-22T01:40:21.740633,"[0.9833183473394248, 1.3053827507592546]","[23.60946096067275, 0.26663489769467974]",12.032991233244328
2025-04-22T01:41:09.984110,"[1.3245017697187917, 1.3364113924119208]","[14.062645675788998, 0.27493677177583953]",10.376429507439113
2025-04-22T01:41:58.725137,"[2.062479937260972, 1.3539932549464702]","[16.23730319470105, 0.27710506581518723]",11.331634010784004
2025-04-22T01:42:47.266252,"[2.4023061256138614, 1.3739597066215072]","[17.395729653921617, 0.2804778566387056]",10.802422137894752
2025-04-22T01:43:35.567422,"[1.7828910341428115, 1.3813332741445343]","[40.79392772151151, 0.27696383929427304]",11.997528536445579
2025-04-22T01:44:23.895888,"[1.4226009382479368, 1.3615306699067427]","[15.532578932738529, 0.2702743644132859]",10.9151787425373
2025-04-22T01:45:12.223993,"[1.515624198096263, 1.352721312246529]","[38.78485101222133, 0.2693009645507014]",11.417411136652115
2025-04-22T01:46:00.555684,"[1.627972335667342, 1.3431831270522743]","[7.882066816280298, 0.2684912104952346]",11.163922662571412
2025-04-22T01:46:48.911801,"[1.4021080048593126, 1.3597554501309368]","[19.068790155915107, 0.27468085358787064]",11.616610958314416
2025-04-22T01:47:37.245289,"[1.3391636577080415, 1.3460965812118317]","[13.41899068185913, 0.27319715913595344]",12.528429352274625
2025-04-22T01:48:25.573216,"[1.6252195466701669, 1.3673980470199654]","[8.605164151926438, 0.27386298919910423]",11.426708383463644
2025-04-22T01:49:13.899086,"[1.7604836605503618, 1.3559193112355565]","[34.315011234238476, 0.2645385745890896]",11.488504256244777
2025-04-22T01:50:02.206427,"[1.338637879615133, 1.3501652286894048]","[29.896919628796336, 0.26519383896569515]",11.002913186923298
2025-04-22T01:50:50.523258,"[1.6151452424622248, 1.3274918199448829]","[15.079921232322535, 0.2626898773523947]",11.37648741168159
2025-04-22T01:51:38.786903,"[1.6203023550462539, 1.3455562242711716]","[19.459178171046428, 0.2664801804933572]",13.137672560245703
2025-04-22T01:52:27.045303,"[0.9249448519814557, 1.3193305325253828]","[15.101827342109269, 0.2715261449838562]",11.448718554311366
2025-04-22T01:53:15.347439,"[1.1366115381137667, 1.359882103349121]","[14.717521800905084, 0.2634182548911155]",11.247773766526432
2025-04-22T01:54:03.700140,"[1.710168590998361, 1.366758389635442]","[12.495452405975449, 0.2655945623252878]",11.011062560220061
2025-04-22T01:54:51.995137,"[0.9922790128314034, 1.3210768481586914]","[12.015497332532714, 0.26650540996948546]",10.829353473393603
2025-04-22T01:55:40.313414,"[1.3826848068959152, 1.329506161588795]","[19.664592906550443, 0.27399218011184123]",10.793048565704348
2025-04-22T01:56:28.638110,"[1.2863307540316986, 1.3350621065272046]","[10.406255831603774, 0.27197031606139]",11.091217852124176
2025-04-22T01:57:16.912509,"[1.2306072413119924, 1.3337121101484932]","[12.32363734428541, 0.2713345516419947]",12.396832464028826
2025-04-22T01:58:05.223356,"[1.5885799801856073, 1.3294118590030282]","[14.564638915089628, 0.2776741559854652]",11.371232315763212
2025-04-22T01:58:53.778210,"[0.964648946192365, 1.3220227214210016]","[14.948913976332024, 0.26579514705238383]",12.890875631696105
2025-04-22T01:59:42.132158,"[1.3051871659365542, 1.325449490586668]","[52.503865281584076, 0.27319052274361555]",12.307356209590516
2025-04-22T02:00:30.520601,"[0.9074967057521304, 1.2992084520579752]","[11.647031481313928, 0.27172885093658605]",11.9057335362558
2025-04-22T02:01:18.853055,"[0.994258860264863, 1.29445681897674]","[19.400270642521736, 0.270491403466107]",12.072303235156635
2025-04-22T02:02:07.181704,"[1.712247574895613, 1.3224769476113032]","[14.632313838691882, 0.2709767370400291]",11.832490858138073
2025-04-22T02:02:55.515086,"[1.17218518659143, 1.3642771951801977]","[14.325027615138666, 0.27334671332330895]",11.719022515229087
2025-04-22T02:03:43.846626,"[1.039986954858458, 1.2901237141074482]","[13.217749023299445, 0.27288137622816144]",12.044783377941974
2025-04-22T02:04:32.176052,"[1.194291371665978, 1.299097224915469]","[8.563261495834595, 0.2702688133951363]",11.757477163568637
2025-04-22T02:05:20.491702,"[1.1510489717383594, 1.3353266361504348]","[11.509995316971178, 0.2645637745503664]",12.182132617249056
2025-04-22T02:06:08.669184,"[0.9088802851198343, 1.233139980376718]","[11.30076501552281, 0.2711686215571758]",11.965548569430085
2025-04-22T02:06:56.985311,"[0.7745507559569927, 1.2246506897809741]","[21.477385691390918, 0.2758214325857584]",11.24723224646574
2025-04-22T02:07:45.257904,"[0.9281212021661959, 1.2665865782760655]","[13.942507953692626, 0.2814800996894089]",11.520710313278142
2025-04-22T02:08:33.556960,"[0.8684283350598013, 1.2179511394746676]","[13.587721086545939, 0.27671789389536405]",12.241124161912566
2025-04-22T02:09:21.884543,"[0.7925560346778758, 1.2378382217620807]","[14.071536290511292, 0.2738709996130768]",11.13294506256551
2025-04-22T02:10:10.193323,"[1.1785813335132984, 1.3080570317927558]","[14.099110720788827, 0.27257478022873727]",11.848047774372002
2025-04-22T02:10:58.494200,"[1.2911334399230454, 1.3167004032194338]","[30.651852647865383, 0.2754759443491439]",12.985483497210986
2025-04-22T02:11:46.781789,"[1.5244626560774872, 1.317451597129077]","[6.098504007145614, 0.2722177038378808]",11.676829126869153
2025-04-22T02:12:35.031167,"[0.9499567106390431, 1.3041466849994832]","[38.685189897731824, 0.271680685320979]",12.95260865344681
2025-04-22T02:13:23.350288,"[1.2669051428478555, 1.3267042286259931]","[8.762662892704038, 0.27837946609343645]",12.770388790895057
2025-04-22T02:14:11.657462,"[0.9464315312511449, 1.2645574322650868]","[24.673879336344964, 0.26828193226020813]",11.892320390384876
2025-04-22T02:14:59.951647,"[1.5562989118448682, 1.3186716638664633]","[16.418827869254528, 0.26603632038940495]",11.989907963747912
2025-04-22T02:15:48.224951,"[1.2584255123632255, 1.3279314546868761]","[11.779729589539638, 0.27248662937689394]",11.19936811468038
2025-04-22T02:16:36.612740,"[0.8896073185622766, 1.2851962677691118]","[12.630720848656143, 0.2642907287252365]",12.210371194494048
2025-04-22T02:17:24.913877,"[1.0864452149320851, 1.2747207329175243]","[17.35776942217934, 0.2758004017741009]",12.167239980755241
2025-04-22T02:18:13.189684,"[1.0428867012029839, 1.2719001952868014]","[16.5130184276498, 0.273225064443257]",12.684182809573477
2025-04-22T02:19:01.363655,"[0.8439549457853406, 1.224378657685885]","[11.523987562082622, 0.2741733721805595]",11.798682370494493
2025-04-22T02:19:49.963551,"[0.9478926504782589, 1.2394097033885494]","[14.06898432636505, 0.27279966099915676]",11.189215306073557
2025-04-22T02:20:38.267523,"[0.9426422694158393, 1.2243501909925145]","[41.1004067975186, 0.26849680802781606]",12.30636667244653
2025-04-22T02:21:26.563333,"[1.28141537605901, 1.2537140275787095]","[26.281271210228617, 0.28295049566473507]",11.922685249977265
2025-04-22T02:22:14.871928,"[0.9592428350382376, 1.2715110318582301]","[13.907510854739154, 0.2712554989871818]",12.97209178163832
2025-04-22T02:23:03.180522,"[1.2396788402138386, 1.3230098757459956]","[52.848875641652896, 0.2661507888832957]",11.940214378484765
2025-04-22T02:23:51.473823,"[1.1547573948958363, 1.3231287919976156]","[9.550655184101284, 0.27174279512111355]",12.744494026724226
2025-04-22T02:24:39.774521,"[1.0386295413874806, 1.2870812714571178]","[15.813408984749763, 0.27856640146416733]",11.893231394887861
2025-04-22T02:25:28.095513,"[1.6974091380802703, 1.3254975490523977]","[25.909514931842224, 0.27030814705154205]",13.177218801811692
2025-04-22T02:26:16.397641,"[1.2562572499301574, 1.3007312156021316]","[33.081669327409486, 0.2639603950923357]",12.535258980734811
2025-04-22T02:27:04.667672,"[1.1924253992441334, 1.3273847272283694]","[18.000709089286573, 0.27817754797608485]",14.111721033309875
2025-04-22T02:27:52.911246,"[1.2352646724805962, 1.3006902709478085]","[54.03968112032485, 0.26461422806073065]",12.51580243863733
2025-04-22T02:28:41.236907,"[0.9044414988538659, 1.249640917584152]","[11.184420946985812, 0.2690865519582575]",12.060046485251839
2025-04-22T02:29:29.503413,"[0.980120376139772, 1.252805371412168]","[91.9253850029302, 0.27490827906391946]",12.082377435940217
2025-04-22T02:30:17.812882,"[1.0193091272081902, 1.2911549944757859]","[16.618321984812695, 0.2724307728540132]",12.366698292637711
2025-04-22T02:31:06.077502,"[1.376680833584968, 1.3130022266496901]","[9.380945791369754, 0.2669891173682717]",13.104479831654631
2025-04-22T02:31:54.376526,"[0.9881659021927957, 1.2719881749367765]","[18.749916973203085, 0.2748987276296413]",11.780138686930195
2025-04-22T02:32:42.684470,"[0.9073217897435344, 1.2779015015827628]","[16.238390038925626, 0.27222246912888526]",12.911935097432607
2025-04-22T02:33:30.981126,"[1.1795874084031734, 1.2959532208071352]","[16.019241810788746, 0.27088824428763836]",12.451263050643536
2025-04-22T02:34:19.234354,"[1.28187623820612, 1.2998313253757132]","[15.796712733730033, 0.27297556269543]",12.68818944624528
2025-04-22T02:35:07.546614,"[1.1671416302150095, 1.2860213817677977]","[12.283155169105083, 0.2781663814389832]",12.09055285716089
2025-04-22T02:35:55.841042,"[1.2142794289126848, 1.3072536373458545]","[12.507241520012482, 0.2622835917616704]",11.769798689603114
2025-04-22T02:36:44.135793,"[1.2642410452589756, 1.2969415569315839]","[33.01962921487606, 0.2728528176128586]",12.553237227884177
2025-04-22T02:37:32.445893,"[1.7770683393587996, 1.3612080207372612]","[15.588932972648124, 0.2759838829029282]",12.082642449672862
2025-04-22T02:38:20.743004,"[2.42585700671731, 1.3870951391206745]","[15.89080969443391, 0.2730523414440378]",11.786999482557288
2025-04-22T02:39:09.074658,"[1.1489723848855586, 1.2927644522742732]","[18.205581954437026, 0.2736505107096274]",11.556037863204516
2025-04-22T02:39:57.433482,"[0.9154110501875441, 1.2508253517304784]","[15.029177502783991, 0.278403437316912]",11.94015012134503
2025-04-22T02:40:45.735473,"[1.102599844636682, 1.274134123503087]","[11.373136732401514, 0.2741256236816949]",13.119403055827325
2025-04-22T02:41:34.152227,"[1.0442924743361037, 1.2935273254558908]","[22.15718943881513, 0.26578488449648185]",11.3491458043266
2025-04-22T02:42:22.456412,"[1.0804817155718456, 1.2770137293819657]","[9.216937264727852, 0.2737956499591183]",12.703643541000657
2025-04-22T02:43:10.748800,"[0.8505901557887482, 1.2252151501487418]","[7.612422520098286, 0.280475629847007]",12.289275619750144
2025-04-22T02:43:59.113624,"[0.8853797354245906, 1.2530187957392966]","[10.387607169301724, 0.26323616421219187]",12.561736520465967
2025-04-22T02:44:47.425628,"[1.453860044787623, 1.3334757250532547]","[8.80273210274307, 0.2692064534961376]",11.420965562857223
2025-04-22T02:45:36.040072,"[1.2280157232191418, 1.3124710343478787]","[38.1004922214377, 0.26829956047473713]",11.753341595858627
2025-04-22T02:46:24.375165,"[0.9476796803207217, 1.297623180373197]","[13.647807170433001, 0.2751438486885678]",12.655518741297792
2025-04-22T02:47:12.685160,"[1.077918815302044, 1.292427300037052]","[17.389094401864035, 0.27137228678337255]",10.904269614087895
2025-04-22T02:48:00.999722,"[1.1257857888094471, 1.2954726867503785]","[12.795249871418907, 0.27547556591226696]",12.421965923594014
2025-04-22T02:48:49.336042,"[1.0743256367248637, 1.2974479008361373]","[12.838434760023329, 0.273586921311022]",13.074917216920488
2025-04-22T02:49:37.870021,"[1.1970394913143467, 1.3095711475413019]","[19.03410842746651, 0.262365207881166]",12.166089160963747
2025-04-22T02:50:26.155897,"[1.5217404527118221, 1.3292328501155284]","[14.991581566307213, 0.2779957539829834]",12.909497383712058
2025-04-22T02:51:14.712614,"[1.3402604251328152, 1.3400930262333839]","[45.87324266148408, 0.27038288942394706]",11.67853417265808
2025-04-22T02:52:03.017285,"[1.0333544973934206, 1.3190806207382106]","[12.931469325652271, 0.27483258886893047]",12.175309100817223
2025-04-22T02:52:51.316716,"[1.0194209861435484, 1.3092969736404267]","[11.694343092061217, 0.2698489499152492]",13.587285403007924
2025-04-22T02:53:39.706888,"[1.212495863629136, 1.325569820154496]","[74.18290375604619, 0.26882596376053947]",11.246389495708401
2025-04-22T02:54:28.040290,"[1.1884094263547798, 1.3312002146787796]","[12.859779520682606, 0.2773202032642472]",11.861670741923605
2025-04-22T02:55:16.832983,"[1.159967661962216, 1.2762207498432492]","[21.970717923064054, 0.27491116389459824]",12.984804020422258
2025-04-22T02:56:05.130276,"[1.2432535181933864, 1.2878198105236427]","[8.452681280902388, 0.27405054677929375]",11.895912413108165
2025-04-22T02:56:53.450087,"[1.1050005434305499, 1.2785837934306858]","[12.132278012762237, 0.27624882670612294]",12.45051379743089
2025-04-22T02:57:41.777119,"[0.9059519150423804, 1.2631497370313864]","[195.17927759344468, 0.27131311606901765]",12.086469803921586
2025-04-22T02:58:30.065807,"[0.9704074130118963, 1.2656690112590532]","[18.799254443535894, 0.271017509257792]",11.500280059644187
2025-04-22T02:59:18.462752,"[1.4230198419920663, 1.3254392642483133]","[21.832779206675397, 0.2758865207009342]",10.786133363237738
2025-04-22T03:00:06.796648,"[1.359195630207962, 1.3314189110091883]","[8.134934874834897, 0.2805510023769666]",12.423621970659028
2025-04-22T03:00:55.123654,"[1.3208592277692623, 1.3045808980182345]","[31.309227096991723, 0.2757187409782773]",12.319565774442486
2025-04-22T03:01:43.452790,"[1.0981387693916584, 1.284799708204666]","[13.038468942005855, 0.27219988274021123]",11.844536494709157
2025-04-22T03:02:31.782546,"[1.1737502687084371, 1.270239798415452]","[17.492218428668107, 0.2647801084586816]",12.76427112327396
2025-04-22T03:03:20.114531,"[1.5882148305441954, 1.3219251616981014]","[10.6966156573023, 0.2667272729752965]",11.393099720679018
2025-04-22T03:04:08.446749,"[1.518386200702232, 1.3319543560007423]","[9.875861453563536, 0.27459049481245135]",13.19701264876172
2025-04-22T03:04:56.753252,"[1.435113800997678, 1.3040347978938165]","[17.75688268469276, 0.2698324236487828]",11.966474558500222
2025-04-22T03:05:45.047403,"[1.5250461958374593, 1.3086777560978762]","[33.75494960359798, 0.2779025587224715]",12.615869120610826
2025-04-22T03:06:33.350983,"[1.2272215012784395, 1.314393990317373]","[10.143055644167044, 0.27333240736346864]",13.40867285601209
2025-04-22T03:07:21.674869,"[0.9974154796425608, 1.2967634191951811]","[17.231654505665812, 0.2705824404231221]",12.089586144582597
2025-04-22T03:08:10.005992,"[1.108797473092279, 1.306442301065144]","[15.380663743080454, 0.27522579862068675]",12.85012763209205
2025-04-22T03:08:58.304095,"[2.821177552553767, 1.4043409675514527]","[120.1396474452783, 0.26664359268774795]",11.242274517595165
2025-04-22T03:09:46.584968,"[2.7514243141624695, 1.4305208344213343]","[14.801458676751706, 0.28156328290030963]",12.562712077013838
2025-04-22T03:10:34.911361,"[3.5776680287385374, 1.439483796244847]","[9.50286320799167, 0.27434066967147075]",11.83636836479571
2025-04-22T03:11:23.234574,"[2.0423156242330003, 1.395643043538632]","[9.698436604040014, 0.27615991948474683]",12.21916380478262
2025-04-22T03:12:11.565389,"[4.26815238572159, 1.4204919349939766]","[18.243026426924228, 0.2790075319412657]",12.351557380704229
2025-04-22T03:12:59.894593,"[2.339374933881977, 1.3935491387002106]","[14.350708400425058, 0.27393485110487426]",13.393989737031632
2025-04-22T03:13:48.203255,"[3.354192539079513, 1.4139853969013343]","[20.914978163061424, 0.277436255883587]",11.594040778010644
2025-04-22T03:14:36.524900,"[3.545851031546209, 1.3984563029424049]","[12.170601394331413, 0.27517395526566224]",13.273647020004926
2025-04-22T03:15:25.217889,"[2.0255112022786586, 1.401008763263361]","[33.06013815536966, 0.2805017320587506]",10.95355518627802
2025-04-22T03:16:13.544436,"[3.5676961460416377, 1.4260830822626325]","[11.191816628882378, 0.2739069722265701]",12.837499104679095
2025-04-22T03:17:01.834921,"[2.8229557750332916, 1.432330297770716]","[10.26817896269161, 0.28394693524974146]",11.832818432233474
2025-04-22T03:17:50.175926,"[3.1413680606539347, 1.4188314425311992]","[15.393415916411556, 0.2812462153215889]",11.590692296569532
2025-04-22T03:18:38.404331,"[4.060668568310156, 1.4248422779294723]","[19.269346717773566, 0.2872129227317064]",11.088506779612835
2025-04-22T03:19:26.724873,"[2.915767179796306, 1.4232623556431259]","[14.368141243312063, 0.26662116130067526]",10.60811086360684
2025-04-22T03:20:14.988638,"[1.8391420312748654, 1.324152177399367]","[18.580270206159337, 0.2734930272491827]",12.624607845585304
2025-04-22T03:21:03.289695,"[1.5859455426142595, 1.3517363725945035]","[21.546705579145527, 0.2729281822928282]",11.882179859987273
2025-04-22T03:21:51.584164,"[1.2247792369413733, 1.3436900161532686]","[55.76351564025646, 0.270033490667672]",11.911051110852368
2025-04-22T03:22:39.914518,"[1.2324608620497206, 1.3088112163767782]","[8.631299505957585, 0.2774110559729306]",12.106486438223776
2025-04-22T03:23:28.243386,"[1.43109895155288, 1.3499983501552792]","[17.749215640676457, 0.276161735455426]",12.262301789162168
2025-04-22T03:24:16.580141,"[1.510212391274116, 1.3308511530436808]","[21.103220677270045, 0.27272565330263854]",12.7897539329182
2025-04-22T03:25:04.908252,"[1.4380103394556076, 1.342043703653581]","[14.239519511794505, 0.2686076128776733]",13.287201680006556
2025-04-22T03:25:53.236341,"[1.0285988177441625, 1.2980819808409008]","[25.883315340786133, 0.2733534379056768]",13.521720792509653
2025-04-22T03:26:41.562251,"[1.7207266197157542, 1.3421539154607487]","[30.90824214311611, 0.2670071651887782]",12.127620791159215
2025-04-22T03:27:29.847782,"[1.6500285984496426, 1.3596796489603316]","[10.853565711542183, 0.2742926926875522]",11.661442712584929
2025-04-22T03:28:18.142215,"[0.9794557343324106, 1.2950414571766986]","[13.406633768347668, 0.27455871082442806]",11.584426239768263
2025-04-22T03:29:06.442157,"[3.350254085767774, 1.4216210605445712]","[9.834888452949052, 0.2714669122398772]",12.383066802141448
2025-04-22T03:29:54.771127,"[2.029429303981772, 1.4195799588777636]","[34.98900724647802, 0.28429358226056856]",11.89365285568492
2025-04-22T03:30:43.070456,"[1.8051639482195687, 1.4064484253023215]","[2677.736784264766, 0.27929169552694955]",12.369321401829913
2025-04-22T03:31:31.360396,"[5.613272557920664, 1.4346283504464852]","[10.349370749270843, 0.2746392350375948]",12.941149426547776
2025-04-22T03:32:19.674175,"[3.415497995339493, 1.4244311746284506]","[17.747423128496155, 0.27711085879643615]",11.761166807693217
2025-04-22T03:33:07.967020,"[2.6676100932200537, 1.4002613599196323]","[21.996852359111852, 0.27378049074469546]",13.287771051834403
2025-04-22T03:33:56.299617,"[1.648285130760784, 1.3411992391948049]","[28.815120882420732, 0.2749421585575482]",12.155109210673727
2025-04-22T03:34:44.592903,"[1.055614266898681, 1.3005223461880915]","[8.931041358917904, 0.2755377165967521]",12.755034981615843
2025-04-22T03:35:32.882493,"[4.349597439303569, 0.9483838685184853]","[13.87802473502613, 0.2690194647207549]",12.02152568219269
2025-04-22T03:36:21.195363,"[3.1776955120114225, 0.9444643092987373]","[10.754415529973315, 0.26408089832217607]",12.845113751464702
2025-04-22T03:37:09.526293,"[3.8027416601503856, 0.924512836582295]","[8.58556618161222, 0.267011863464929]",12.164796406473195
2025-04-22T03:37:57.856501,"[3.1138555560314627, 0.9493892913200788]","[12.02219907247628, 0.2663415595099097]",12.210765210081888
2025-04-22T03:38:46.185220,"[3.219975418370226, 0.9074587375176923]","[11.908529170991125, 0.26475950907510537]",13.401127038704052
2025-04-22T03:39:34.461214,"[3.7178440345875234, 0.9198842589438896]","[9.936581969679578, 0.25786927303722607]",12.112430618922593
2025-04-22T03:40:22.762089,"[3.9586524026399257, 0.9677634863353615]","[10.676643835152108, 0.25910418210085506]",11.464215592944045
2025-04-22T03:41:11.114750,"[2.9802580256201296, 0.9286613043452183]","[9.458055259721652, 0.26824161557768766]",12.712090054042443
2025-04-22T03:41:59.450925,"[3.953701202134817, 0.9248731729305248]","[21.084802871791183, 0.27137126149000235]",11.915071455859412
2025-04-22T03:42:47.738321,"[2.9617424844031173, 0.92974794695755]","[10.903668976543601, 0.2630652509030784]",11.330070835102115
2025-04-22T03:43:36.046099,"[3.5145150626928126, 0.9109216807049636]","[10.397655121176353, 0.26282196557677917]",11.972296125075944
2025-04-22T03:44:24.344515,"[3.02064125095394, 0.9156849605915038]","[14.227928100122812, 0.2632428191481475]",11.60352807460899
2025-04-22T03:45:12.654650,"[4.1734095271882, 0.923008836988851]","[12.572110328136965, 0.2653381439193372]",11.503836179561606
2025-04-22T03:46:00.924092,"[3.1314700026845794, 0.9238927829619503]","[10.18710170092431, 0.2637810633598692]",13.58499331611333
2025-04-22T03:46:49.245437,"[3.7143159706041637, 0.9365442330968081]","[9.947808712555233, 0.2590536731150297]",11.616958644694392
2025-04-22T03:47:37.547163,"[3.3535631732492623, 0.9226124133196945]","[20.88277400450199, 0.26126950675304306]",12.220477689849593
2025-04-22T03:48:25.823994,"[2.8562640433224864, 0.9147606756683428]","[8.732039569131537, 0.27091122980867954]",12.83450869007159
2025-04-22T03:49:14.122307,"[2.884699067475931, 0.9356333983016856]","[10.768747525758355, 0.26322050812886033]",11.806518757971121
2025-04-22T03:50:02.448128,"[3.6977187641013356, 0.9458215789280016]","[9.900618815089684, 0.268220059187251]",11.52638316526864
2025-04-22T03:50:50.763900,"[3.9169234260584953, 0.9495753000226728]","[47.1285338542887, 0.2643999292963337]",11.724565048257057
2025-04-22T03:51:39.533397,"[3.322559531433488, 0.9376288078989328]","[9.66866675971234, 0.2634110037909956]",11.507731003855717
2025-04-22T03:52:27.839000,"[3.2221760124555874, 0.9217355615596703]","[13.790281507490795, 0.26272231438668436]",11.944221090546575
2025-04-22T03:53:16.162326,"[3.1060853408839297, 0.9177888795346805]","[11.838971255961706, 0.2627811211920865]",12.872548438659692
2025-04-22T03:54:04.512852,"[2.8455468874406864, 0.9332333797526968]","[12.252738178703785, 0.2671928307923359]",11.85885063128164
2025-04-22T03:54:52.941480,"[2.9988729541552885, 0.9432432576128083]","[14.961401731318874, 0.2649599763901458]",11.620070182287739
2025-04-22T03:55:41.293818,"[2.991276142711164, 0.9231791451372078]","[9.845454603728992, 0.26253263479917166]",11.585577591445919
2025-04-22T03:56:29.626335,"[2.88050239295251, 0.9130568414942495]","[10.950399832448536, 0.27011263653627804]",12.541623839352644
2025-04-22T03:57:17.933571,"[3.60214773430663, 0.9607791852690948]","[13.27160320318354, 0.2683292688563421]",12.84308636132867
2025-04-22T03:58:06.340972,"[2.9582069811669127, 0.9331375745765897]","[32.518010449866544, 0.2703121725662112]",12.82989585371692
2025-04-22T03:58:54.651380,"[2.9772368017968143, 0.9226065571075539]","[13.05179704008269, 0.2645423389764616]",11.782655582701425
2025-04-22T03:59:42.983007,"[2.735886758157054, 0.9354894786220664]","[16.03424961743694, 0.2532897721443148]",12.031052606854178
2025-04-22T04:00:31.491698,"[3.0007179998962554, 0.9247864235725358]","[16.455901210315243, 0.270250486900661]",11.785009847403877
2025-04-22T04:01:19.813466,"[3.1985556255895564, 0.9010682953700764]","[7.372153217196277, 0.26814388118718746]",11.572843815487717
2025-04-22T04:02:08.112913,"[2.9059715462692375, 0.9292232811786048]","[53.900832756657266, 0.26948198383997024]",12.890487630565138
2025-04-22T04:02:56.416740,"[3.110658927491811, 0.9453420265282895]","[8.357441660096528, 0.26249862217828035]",11.770784071865457
2025-04-22T04:03:44.806113,"[4.2144791314931735, 0.9675353774801199]","[8.542131051047392, 0.27140438073869966]",11.84177088442113
2025-04-22T04:04:33.112550,"[4.150078080018639, 0.9708125337666793]","[8.73035672375306, 0.2604276936150809]",11.107215083160678
2025-04-22T04:05:21.439930,"[3.22292769002162, 0.9365939155227796]","[14.020035741355661, 0.26634762280759494]",11.269552982085552
2025-04-22T04:06:09.761062,"[2.7427190207958674, 0.9334713628896787]","[12.516963228010157, 0.267205288076644]",10.881463632602163
2025-04-22T04:06:58.071433,"[3.8796339073917223, 0.9703550751755565]","[10.123816337048115, 0.2719885928577921]",11.823515944905175
2025-04-22T04:07:46.425156,"[3.0223787000520774, 0.9486319961678218]","[12.543090951824027, 0.26994649512442237]",12.528843286652656
2025-04-22T04:08:34.719205,"[3.1061413572842755, 0.9463000792322553]","[14.477802226362657, 0.2647166736294633]",12.762793863754386
2025-04-22T04:09:23.058233,"[3.1513347396125315, 0.9247781485690849]","[11.250391060959052, 0.262684255228832]",11.408929191349008
2025-04-22T04:10:11.414988,"[3.218435421250873, 0.89328628130363]","[20.526539788463698, 0.2668979671208498]",11.786650740465431
2025-04-22T04:10:59.775797,"[3.0836477510454334, 0.9532957362544217]","[10.653369214068668, 0.2712361837985937]",12.305054604334796
2025-04-22T04:11:48.050907,"[2.8458614373085624, 0.9350545162138344]","[6.9373524633877865, 0.2659528134339082]",11.932912017016074
2025-04-22T04:12:36.375392,"[3.0771359031350496, 0.9419041609687504]","[8.24198006163588, 0.27029477884257913]",12.253384172689687
2025-04-22T04:13:24.724251,"[3.7520224945603253, 0.9633412943130115]","[23.70125211175132, 0.26641605765536713]",10.609825335486562
2025-04-22T04:14:13.039620,"[2.816428442414557, 0.9285128309630268]","[9.576667376618744, 0.2745319861814539]",11.859566690675345
2025-04-22T04:15:01.370098,"[3.2130495355588873, 0.9312940991888943]","[12.264161133202526, 0.2593081807420341]",12.5767154528675
2025-04-22T04:15:49.693366,"[2.936280769662645, 0.9448000656223963]","[8.409057603058324, 0.26213331156811925]",11.574925040699602
2025-04-22T04:16:38.111414,"[3.4299346520675376, 0.9636261811241678]","[9.125530619926142, 0.2663757589081057]",11.68755040357916
2025-04-22T04:17:26.449510,"[3.457044257513431, 0.9315577250796028]","[7.974598839240365, 0.27374871749727436]",12.269010920402012
2025-04-22T04:18:14.782340,"[2.991175988763897, 0.933646868681127]","[11.308710362444197, 0.26667941017743857]",12.480387541983287
2025-04-22T04:19:03.018541,"[3.485208816697902, 0.9576057678697176]","[14.591707388658243, 0.26299649202248965]",11.776005144619578
2025-04-22T04:19:51.348204,"[2.6057298495191463, 0.9252467698176181]","[10.019064936369059, 0.26399661369855787]",10.822442612496625
2025-04-22T04:20:39.646104,"[2.312262206152692, 0.9069071908674435]","[7.819674624080425, 0.270932175050814]",11.816377617154346
2025-04-22T04:21:27.942071,"[2.8592239300513578, 0.9170783837464458]","[11.11320226501441, 0.25899353994394136]",11.833540483245574
2025-04-22T04:22:16.227108,"[3.812707017082249, 0.9598751646673489]","[12.532043306477384, 0.26414729173739104]",12.592281743911482
2025-04-22T04:23:04.578604,"[3.5012320663941616, 0.9551796972535658]","[20.39955880506765, 0.26499609536315205]",11.926636697924252
2025-04-22T04:23:52.908888,"[2.764342982614389, 0.9072305359664452]","[9.368338298580907, 0.2732839256939168]",11.629116639594638
2025-04-22T04:24:41.239204,"[3.8260627497538024, 0.9761784118716683]","[12.781419204689755, 0.2701972579378298]",12.212668687937354
2025-04-22T04:25:29.542028,"[3.7148857448085497, 0.9562587682951964]","[8.575898778259154, 0.26915881940496833]",12.000646850349597
2025-04-22T04:26:17.898030,"[2.680248898324065, 0.9449532307089865]","[10.562216015227307, 0.27737620801344587]",13.479660597260834
2025-04-22T04:27:06.226018,"[3.0037469310430436, 0.9475200057826312]","[10.391355062679763, 0.26689317087133624]",12.866889742795273
2025-04-22T04:27:54.555473,"[2.8326796226522863, 0.9261200320002678]","[14.733674911403497, 0.26928591015742764]",12.322779333086414
2025-04-22T04:28:42.860940,"[2.9342750799813104, 0.95806705771435]","[13.644988879250915, 0.2672516497153179]",12.341141403246151
2025-04-22T04:29:31.183980,"[2.970119207704951, 0.9449331004149397]","[11.534026609933532, 0.2668190377805062]",12.553237288627225
2025-04-22T04:30:19.544278,"[2.9059625618602896, 0.9404058087323173]","[13.620358950441593, 0.2728569998509518]",12.774174605078557
2025-04-22T04:31:07.877475,"[3.134298215375311, 0.9553124557470096]","[10.723569831469298, 0.2611095935763119]",12.760486730516455
2025-04-22T04:31:56.180296,"[3.286279198297811, 0.9508178213339162]","[10.922315893903846, 0.2627372252437614]",12.831232215350346
2025-04-22T04:32:44.508172,"[2.8817935260222556, 0.9268901080868637]","[8.07231479332415, 0.26423684366040945]",12.355660132831332
2025-04-22T04:33:32.830908,"[3.946032373418416, 0.9589014472175945]","[12.245685689312893, 0.2682292587454356]",12.573747466413026
2025-04-22T04:34:21.110181,"[3.1028628637337676, 0.8891945638283785]","[11.287221149155105, 0.264342194587992]",12.149957122970815
2025-04-22T04:35:09.980128,"[3.311816548763041, 0.9148570073863609]","[8.745330736101009, 0.25932337647407344]",12.856001691435056
2025-04-22T04:35:58.276987,"[3.0432985832010178, 0.9580077711306481]","[15.957482001012869, 0.2602304943614042]",13.510505595599215
2025-04-22T04:36:46.583366,"[3.488374080717375, 0.9329880784586644]","[111.41493340765967, 0.2672610907479358]",12.389918875452093
2025-04-22T04:37:34.914054,"[3.6879217898674472, 0.9605374594810643]","[21.32267050605453, 0.2666115913981555]",12.042069758366994
2025-04-22T04:38:23.259502,"[2.9424989927587943, 0.9153115694251239]","[23.430804540500546, 0.27281589694105834]",11.877566663373857
2025-04-22T04:39:11.598921,"[3.3648900438929363, 0.9234467167043152]","[10.797116404693048, 0.2673907240865625]",13.292704603220544
2025-04-22T04:39:59.921040,"[2.490521106232423, 0.942012316462669]","[24.315914141000555, 0.27111421320683116]",13.037759749441843
2025-04-22T04:40:48.257909,"[3.5340269959699526, 0.9251777497548761]","[8.150904004184401, 0.27839082237819435]",13.493290649793312
2025-04-22T04:41:36.586991,"[3.4621810056513116, 0.9191439185164749]","[12.712220756931938, 0.26347213653657153]",12.658099844445623
2025-04-22T04:42:24.915628,"[3.6087069410296584, 0.9437589987520285]","[10.321476601495677, 0.26550773449539244]",13.428198919700531
2025-04-22T04:43:13.251511,"[3.4916121834369847, 0.9515939172066044]","[18.879072079712124, 0.2730376345230243]",12.703918131292703
2025-04-22T04:44:01.604872,"[3.4706605513628377, 0.9324323054769708]","[9.429836588714336, 0.26608080262571443]",12.416081146312688
2025-04-22T04:44:49.963136,"[2.95445617665949, 0.924026045764204]","[13.400250983287773, 0.2635396950546136]",12.072927791760378
2025-04-22T04:45:38.276081,"[3.3300468301632953, 0.9279431330889407]","[11.900286909623167, 0.2642707820305974]",13.031211868347759
2025-04-22T04:46:26.598368,"[3.0092063634421966, 0.9423621295083762]","[12.648362709197173, 0.26527849401560166]",12.547723291762576
2025-04-22T04:47:14.953709,"[3.8671227549064846, 0.9056330091233646]","[15.480977531392423, 0.26236505268330834]",12.58304325608433
2025-04-22T04:48:03.286162,"[3.003167979005839, 0.938451697030187]","[8.985288013032218, 0.2678654944390675]",12.895610709527817
2025-04-22T04:48:51.627988,"[3.776523297863307, 0.9639063604735467]","[16.853436488407887, 0.26854092900828697]",13.321516647966854
2025-04-22T04:49:39.951979,"[3.0799265521417474, 0.9225266978382529]","[11.264804094223962, 0.2622893655729266]",12.43255363310166
2025-04-22T04:50:28.240945,"[2.718564758634832, 0.9442649853363667]","[9.635699390582147, 0.27866035814882384]",13.747414338820239
2025-04-22T04:51:16.578546,"[3.1905149476300365, 0.9273089894888464]","[9.753737409603007, 0.2651503215383335]",11.65573185049496
2025-04-22T04:52:04.906784,"[2.719754888331648, 0.9504104061451608]","[11.235973405085458, 0.2616963873246898]",11.963178792005035
2025-04-22T04:52:53.236731,"[2.928384670831405, 0.9044263440179074]","[14.375602651610274, 0.2682021257042253]",13.438034667763459
2025-04-22T04:53:41.533888,"[3.990227098634863, 0.9428470656069385]","[8.63078653161573, 0.2691149979457501]",12.069999461417488
2025-04-22T04:54:29.836222,"[3.297484561842868, 0.925430260420375]","[9.018462865739576, 0.2623882903042083]",12.888330939012915
2025-04-22T04:55:18.166600,"[3.1394265977575033, 0.9198629782192476]","[8.865409254613633, 0.26492535283688756]",13.842091683865977
2025-04-22T04:56:06.498377,"[3.0601373697833285, 0.9157505824371617]","[10.041131291943996, 0.2663323782881699]",14.069803395269755
2025-04-22T04:56:54.829689,"[3.5167674810071503, 0.9334259898785002]","[11.958910109531978, 0.265554076253228]",12.868286622299895
2025-04-22T04:57:43.219899,"[3.3170332059071215, 0.9085954792255766]","[13.696723435584474, 0.26314616773057997]",13.548517864746819
2025-04-22T04:58:31.572555,"[3.518024053263148, 0.954466450037017]","[9.778359172065572, 0.2622793341143015]",12.557353675601934
2025-04-22T04:59:19.917125,"[3.8258455617319065, 0.9359806740115579]","[9.092249732977113, 0.2687231092429836]",12.556192134898922
2025-04-22T05:00:08.044696,"[3.635685885478873, 0.9288504838089571]","[11.175493421277508, 0.26767315779847767]",13.032520197719702
2025-04-22T05:00:55.909546,"[3.3140370164701967, 0.9087981664795666]","[31.871479313650898, 0.2712214413813969]",12.679909647034238
2025-04-22T05:01:43.994330,"[3.3353741400353316, 0.9200723164979574]","[7.412298083138595, 0.26178739100509674]",13.65897759035269
2025-04-22T05:02:32.307124,"[3.2751885307840634, 0.9324745820953577]","[13.699329562254121, 0.2663869807641972]",11.707949486801983
2025-04-22T05:03:20.657327,"[4.211847197845397, 0.9288704769027185]","[7.698749070895312, 0.2629934640755134]",12.429053071382857
2025-04-22T05:04:08.989385,"[3.4595258556869357, 0.9251319671840514]","[9.684078672441142, 0.2634183133042747]",12.484525905729093
2025-04-22T05:04:57.404112,"[3.5638592337958444, 0.9359139622136321]","[24.195342467652438, 0.25441249002514477]",13.179122522909045
2025-04-22T05:05:45.764283,"[3.2901106341786135, 0.8929101244197968]","[15.01583269325204, 0.2683379755043087]",12.427110119072818
2025-04-22T05:06:34.101689,"[4.0499548134985375, 0.9481734252646348]","[11.640984644724242, 0.27193093143565683]",12.346798777749685
2025-04-22T05:07:22.428295,"[3.8996025859555576, 0.9336417309596321]","[13.871372544190397, 0.27393906122314293]",13.981988112638938
2025-04-22T05:08:10.822399,"[3.2730992503239094, 0.9215258692377564]","[12.39001728417922, 0.27455532191148535]",13.037927501757663
2025-04-22T05:08:59.203488,"[3.14788234851736, 0.9397426575307395]","[16.302444518553628, 0.2591217446431311]",12.7961926575933
2025-04-22T05:09:47.542967,"[4.139344517425987, 0.951788398322317]","[15.520824223285455, 0.26542752009777626]",12.36044978746038
2025-04-22T05:10:35.953097,"[4.001319994323112, 0.9336472551921693]","[9.366299899212787, 0.2632316151311551]",14.358940579149866
2025-04-22T05:11:24.289582,"[4.057644760832071, 0.9414443032665631]","[17.49012197192176, 0.27674398664323974]",13.079600415972669
2025-04-22T05:12:12.619409,"[3.6603891149868804, 0.9205781667275703]","[19.21042043489436, 0.2678310664033532]",12.729529779733571
2025-04-22T05:13:00.950080,"[3.1897062163445153, 0.9239307453500198]","[17.23191878021676, 0.2682351077467584]",12.745489314890984
2025-04-22T05:13:49.280206,"[3.842184383367169, 0.9457445242777163]","[18.347145327767404, 0.26881539841346314]",12.966116243329978
2025-04-22T05:14:37.631754,"[3.207492554700339, 0.9181615368555862]","[11.161479817058806, 0.2660582926700874]",13.070707510313197
2025-04-22T05:15:25.968853,"[4.195212258662256, 0.9195510838067014]","[13.680319113020197, 0.26754413131644217]",11.728780768121615
2025-04-22T05:16:14.301716,"[3.4346178342947074, 0.9251153454522023]","[8.863400395526147, 0.2598605899016011]",12.6033731678707
2025-04-22T05:17:02.629434,"[3.5529754255363133, 0.935940527817082]","[8.951457883176406, 0.2622406516747189]",12.276638264196757
2025-04-22T05:17:50.961776,"[3.294026199882234, 0.9448548266073824]","[10.054477658392765, 0.26395073414993986]",13.1311752348118
2025-04-22T05:18:39.258819,"[2.7916222895904115, 0.9299858982114393]","[7.503754913798869, 0.2728120505725764]",12.92228301236169
2025-04-22T05:19:27.615164,"[3.185813068132064, 0.9348384016700013]","[8.736985643177201, 0.2659012880818836]",12.090010756866937
2025-04-22T05:20:15.942948,"[4.3538900432069765, 0.9488920872605502]","[20.00342426783411, 0.2572812923996004]",12.706145010551804
2025-04-22T05:21:04.279153,"[3.4701492082372876, 0.9318775406265138]","[10.309128786157489, 0.26379766744382493]",12.711544484697013
2025-04-22T05:21:52.608804,"[3.9499226551045736, 0.9405345778918717]","[8.062168324453927, 0.276503433490459]",12.040254014216151
2025-04-22T05:22:41.144107,"[3.5887247484211016, 0.9494858375816531]","[16.23045828203864, 0.2705433693129149]",12.583967547709653
2025-04-22T05:23:29.475892,"[3.930600457149563, 0.9641745914502717]","[16.782390304813024, 0.26511710309671477]",13.041710806169538
2025-04-22T05:24:17.863067,"[3.7264952109770646, 0.9188561958167152]","[9.630800830553126, 0.2609512669302956]",12.728316456374932
2025-04-22T05:25:06.312031,"[3.1160622495016366, 0.9240091238498689]","[8.913766212567346, 0.2627618722901488]",12.73736368688539
2025-04-22T05:25:54.614619,"[2.955052082710035, 0.9414663357784865]","[9.999886482756697, 0.26858772590878743]",11.929407773077065
2025-04-22T05:26:43.031077,"[4.177991418495841, 0.9356756533672521]","[13.217427227836469, 0.2619367694229706]",12.982620921377478
2025-04-22T05:27:31.353909,"[2.9985631589712556, 0.9422570762560509]","[9.217207490355097, 0.25706566691194377]",12.704086062998496
2025-04-22T05:28:20.302955,"[4.7249145637591825, 0.9493210358115718]","[20.52548838409402, 0.26660648060107084]",11.812912687583873
2025-04-22T05:29:08.658263,"[3.7820036530978354, 0.9194306494249949]","[8.805028278377156, 0.26783665195441175]",12.837280615451593
2025-04-22T05:29:57.007589,"[2.964230023306982, 0.9200157196461074]","[9.291215366736598, 0.2687923327440003]",11.451797381844376
2025-04-22T05:30:45.555321,"[3.647111901059362, 0.9331418195366683]","[9.93487022466192, 0.26226073919728865]",12.510237625654375
2025-04-22T05:31:33.875542,"[3.97206725335111, 0.9514253683577616]","[13.86365138048508, 0.27198107788723114]",13.727834355841534
2025-04-22T05:32:22.427145,"[3.9969679924762063, 0.9402418681584077]","[12.732307156624248, 0.2654608599166499]",13.430133436879096
2025-04-22T05:33:10.737790,"[3.106890273236899, 0.9092902376181233]","[9.260031484046488, 0.2616932247780368]",12.7921080774231
2025-04-22T05:33:59.087844,"[2.872292070639632, 0.9385046468139873]","[40.41209610834319, 0.2686278483415818]",14.495209908872544
2025-04-22T05:34:47.422455,"[2.9848722304285706, 0.9130369444244462]","[0.5468750000000002, 10.538759077462334]",11.67804272466092
2025-04-22T05:35:35.750887,"[3.8930278147342308, 0.9416001680817501]","[10.927733863679716, 0.26640308208595487]",12.148920772211232
2025-04-22T05:36:24.081461,"[3.420271465156844, 0.9290261521748624]","[24.500249871914313, 0.26248360190144737]",11.248138327358639
2025-04-22T05:37:12.376836,"[3.0220000920777688, 0.9326236093462881]","[11.559493932283322, 0.26672272332813574]",11.801321668412882
2025-04-22T05:38:00.741198,"[2.934431204036908, 0.9189285660883635]","[38.470821544127965, 0.2680439265824628]",12.809091790467047
2025-04-22T05:38:49.096725,"[3.773020845407989, 0.9345498028526991]","[30.600422259290205, 0.27338223802103157]",12.586115372129287
2025-04-22T05:39:37.427441,"[3.1062777983086436, 0.9074441978466803]","[7.762895466165506, 0.26469708271726056]",13.649520999708123
2025-04-22T05:40:25.971837,"[3.151041872298131, 0.9451127269788926]","[27.862707453394766, 0.2690025233549984]",12.058988375725514
2025-04-22T05:41:14.262192,"[3.676288049350458, 0.9476305570555343]","[7.572310025650361, 0.26788033283079304]",12.35226298608975
2025-04-22T05:42:02.571706,"[3.121680765203386, 0.9201458028535412]","[7.949254504083083, 0.255905976951353]",12.818830478800788
2025-04-22T05:42:50.899588,"[2.877693337582961, 0.9363476316719708]","[9.289757454657591, 0.27645824081343173]",12.155491111539309
2025-04-22T05:43:39.230771,"[3.9232153421134206, 0.9429999907863715]","[9.19575869031559, 0.25975805670703345]",12.787357792382975
2025-04-22T05:44:27.585086,"[3.015222271343506, 0.9299876541482068]","[11.735800323384982, 0.26727351025601376]",11.668325312221524
2025-04-22T05:45:15.889489,"[4.356843997697782, 0.9502638489742798]","[16.58790225857122, 0.270542187762282]",14.391850582432095
2025-04-22T05:46:04.244831,"[4.2337672101066195, 0.9582118370127084]","[12.093489899180607, 0.2649264315532207]",12.383136300285349
2025-04-22T05:46:52.601682,"[3.3908370534717953, 0.9478931964607304]","[12.420023363870673, 0.26913777058130517]",12.052958560725182
2025-04-22T05:47:40.936142,"[3.671988120493258, 0.920290297768962]","[11.740612026285193, 0.2663945383811357]",12.906495584652458
2025-04-22T05:48:29.263524,"[3.643273092556343, 0.9665547435272943]","[10.40320996892747, 0.27572879618090607]",12.078583490371589
2025-04-22T05:49:17.626247,"[3.12117000510989, 0.926821205863916]","[10.312259547324322, 0.26600424450679716]",12.288793274339662
2025-04-22T05:50:05.955010,"[3.017386533451856, 0.9345274737680578]","[7.880237958512127, 0.2581311620604261]",11.777082532904725
2025-04-22T05:50:54.316738,"[3.29815576299473, 0.9251456640214912]","[12.574559341999533, 0.26502594750095776]",12.63448016357313
2025-04-22T05:51:42.612090,"[3.7457475475628375, 0.9477667437233501]","[11.36346738629253, 0.2706219049935803]",12.967682643122583
2025-04-22T05:52:30.947415,"[4.9352775226399235, 0.9659062408661612]","[12.8392619653632, 0.2644664018743499]",11.36049424837289
2025-04-22T05:53:19.281871,"[3.287266851000732, 0.9433964503485295]","[8.344361489931483, 0.2704674570394694]",11.841826365853654
2025-04-22T05:54:07.634066,"[4.008069241972603, 0.9583951205630568]","[12.037511865721692, 0.2744056220110731]",12.721581510318671
2025-04-22T05:54:55.991173,"[2.9238132832550376, 0.9489744983226567]","[9.633601467868482, 0.2684737041431968]",11.859439989852223
2025-04-22T05:55:44.326049,"[3.1700693305570256, 0.9427112450892827]","[8.643639684407011, 0.27475323450185174]",12.086980843058866
2025-04-22T05:56:32.609643,"[4.333330784294276, 0.9524460454873385]","[9.92620620827928, 0.26103860622815533]",12.137311348859448
2025-04-22T05:57:20.958623,"[3.109382597208194, 0.9265030001660532]","[13.586308802506576, 0.2661435876138212]",12.855746717652417
2025-04-22T05:58:09.310901,"[3.254144017180199, 0.9230785937859114]","[10.4710718747529, 0.262509561965234]",12.73058674607782
2025-04-22T05:58:57.679282,"[4.632080045448361, 0.9419980411459203]","[12.938884233105277, 0.26761319148560503]",12.36027756291787
2025-04-22T05:59:46.013200,"[2.990920524646933, 0.9314221035670025]","[15.099528787523674, 0.27395284114061846]",11.75113465623524
2025-04-22T06:00:34.343842,"[3.4507776653299533, 0.9474281270303488]","[10.247406507918011, 0.2767143106808576]",11.738292463731064
2025-04-22T06:01:22.673093,"[3.4287900968280614, 0.9209971852155618]","[17.43812528223733, 0.2651520439924644]",12.634500230664282
2025-04-22T06:02:11.023945,"[3.589416238065442, 0.9508580235474806]","[12.07337102755697, 0.2658688354011214]",11.608799619551688
2025-04-22T06:02:59.385846,"[3.1430359592566126, 0.9247744415763011]","[10.068559229951772, 0.27118603493208626]",13.389122626215025
2025-04-22T06:03:47.716968,"[3.4064178460426136, 0.9396543791428704]","[10.303923756431459, 0.2656627995287346]",12.63123546370072
2025-04-22T06:04:36.065035,"[3.3190175383486795, 0.9360606860091054]","[14.846719594162863, 0.268868503395725]",12.901447491279956
2025-04-22T06:05:24.407171,"[3.047192784366284, 0.899570206145007]","[14.542810488964351, 0.2702631552681627]",11.929236717046452
2025-04-22T06:06:12.727791,"[2.9756396960693845, 0.9215556225540409]","[13.924997045490485, 0.2689498901040528]",12.842971974015898
2025-04-22T06:07:01.066090,"[3.3377905543343127, 0.9115349278025042]","[9.074930999008943, 0.2632762540636375]",12.364527122396012
2025-04-22T06:07:49.363954,"[4.694126468842433, 0.9491391676304097]","[8.43924491033799, 0.2627645556864109]",13.288425107397439
2025-04-22T06:08:37.669648,"[2.535113895375889, 0.9199012175427734]","[11.863902690384098, 0.26859586112794176]",12.505289586405
2025-04-22T06:09:26.002158,"[3.7853408506337725, 0.938586838174023]","[10.13542170950556, 0.2693656403981435]",11.738870366471925
2025-04-22T06:10:14.325921,"[4.3590236806585345, 0.9487628116538449]","[7.717612176949636, 0.25881854979797847]",12.060171103643642
2025-04-22T06:11:02.652916,"[2.8960176499852195, 0.8869668178994696]","[10.099922699489333, 0.2697699990610056]",11.503074653359329
2025-04-22T06:11:51.012101,"[3.5493898712110448, 0.9324864402802047]","[13.839188284101079, 0.2709869781045535]",12.045199363242137
2025-04-22T06:12:39.215139,"[2.9117720913594156, 0.9255551906760333]","[11.15847868102377, 0.2683483681423584]",12.0518662240914
2025-04-22T06:13:27.528462,"[3.077331081264002, 0.9536590199900572]","[13.374358716774006, 0.2667012341548509]",12.422625458052472
2025-04-22T06:14:15.878079,"[2.8421035664747456, 0.9327909815387372]","[9.273805320675388, 0.2652870911818219]",11.450769021785726
2025-04-22T06:15:04.216187,"[3.0384976939628467, 0.9508967948062974]","[9.512758148526899, 0.26243587857357165]",11.981596835797346
2025-04-22T06:15:52.509792,"[2.729369983422131, 0.9426893339611264]","[10.737818248737009, 0.2662635748787414]",12.129097428428974
2025-04-22T06:16:40.845286,"[3.842438752529884, 0.9220000629108647]","[14.14377263531368, 0.27278155508832214]",12.133971970267034
2025-04-22T06:17:29.136033,"[3.6783249785902714, 0.977685283838154]","[19.30538775451912, 0.26761700457552484]",12.983802220711171
2025-04-22T06:18:17.453285,"[3.008807313078894, 0.8892738672372951]","[11.823276106993196, 0.27041444042137375]",13.369721456142404
2025-04-22T06:19:05.714709,"[3.49440765832396, 0.9428495505200849]","[10.007941174748968, 0.2680327539026299]",11.383605964560763
2025-04-22T06:19:54.042187,"[2.9332564979946563, 0.9400048521540003]","[7.303359380973417, 0.26359742026852695]",11.688907631084563
2025-04-22T06:20:42.375267,"[3.196608548688378, 0.9092578818152295]","[14.058817025938843, 0.27012227282783075]",12.889008372367545
2025-04-22T06:21:30.708772,"[3.3971226898189295, 0.9339980139778152]","[12.027896388294218, 0.27984450851505827]",12.042724667796172
2025-04-22T06:22:19.035262,"[3.729201196974627, 0.9585011794996512]","[9.443667047563599, 0.26190685815860437]",10.91807395836009
2025-04-22T06:23:07.327090,"[3.0825870223538483, 0.9374829993105323]","[15.324251077105693, 0.25797391828404503]",12.050950686645768
2025-04-22T06:23:55.680618,"[2.940669538684326, 0.9222616107737194]","[12.665975130378548, 0.269949865237499]",12.37259213764292
2025-04-22T06:24:44.026126,"[2.7523532458302244, 0.9191647580674238]","[13.528034291854667, 0.26948348066617367]",11.881174874442571
2025-04-22T06:25:32.387740,"[2.691696028034796, 0.9259966077236728]","[12.038515981203787, 0.2693325924790826]",12.238158115003344
2025-04-22T06:26:20.684921,"[2.700029327401188, 0.9321070876740118]","[85.00487734877343, 0.26601766767054746]",11.017286545140252
2025-04-22T06:27:09.040997,"[5.43475394816114, 0.9577150306522899]","[7.997238337751129, 0.2638287632479779]",12.2030679111887
2025-04-22T06:27:57.316965,"[2.929054040726676, 0.939161920549421]","[11.682866154982316, 0.2742401562399053]",11.83320801581967
2025-04-22T06:28:45.650847,"[3.2421891783270733, 0.9438072188229527]","[12.770302151668597, 0.2713408319247801]",12.027280868301952
2025-04-22T06:29:33.965708,"[3.0555923522446595, 0.9056393469504926]","[10.917052552855225, 0.27207395557468983]",11.482940345309972
2025-04-22T06:30:22.279128,"[3.0060964472727227, 0.9431884384851199]","[18.28041832424258, 0.26635934974072795]",13.327719787990075
2025-04-22T06:31:10.602791,"[4.326708542519507, 0.9658095296748117]","[12.879755467100292, 0.2700362894491555]",12.518708025479532
2025-04-22T06:31:58.937390,"[3.425136017677592, 0.9327124147170509]","[11.684817035350603, 0.26654516812669815]",12.818540773160173
2025-04-22T06:32:47.991044,"[2.9443024607056993, 0.9148113031261849]","[8.363990956959857, 0.265784128186739]",13.555942470066821
2025-04-22T06:33:36.309908,"[2.6006518233141094, 0.9536509105629212]","[10.200639536061134, 0.2703594675010472]",12.424659521903738
2025-04-22T06:34:24.646669,"[3.68970571470372, 0.9582009116611214]","[15.92884548829439, 0.26271138129742244]",12.459046740739772
2025-04-22T06:35:12.975381,"[3.7491701905608346, 0.9474675883834092]","[11.463688077482992, 0.26734449791278925]",12.311342859436442
2025-04-22T06:36:01.308497,"[3.2970789238884257, 0.9227583406522326]","[15.442350643087392, 0.2671559081942645]",11.688844658906445
2025-04-22T06:36:49.663453,"[3.2896382528746546, 0.9566999979805826]","[19.76951239299983, 0.27183482501409273]",12.208776726765493
2025-04-22T06:37:38.203129,"[2.7269147601653354, 0.9184542513369429]","[12.104294933340446, 0.26639881385210407]",12.145301475326114
2025-04-22T06:38:26.541382,"[3.1358713769897064, 0.9154592906044572]","[8.504792867316365, 0.26835422071534243]",11.601766555189922
2025-04-22T06:39:14.880635,"[2.905699638685422, 0.9374770605842317]","[9.587553495915179, 0.266132268216257]",12.28039598824583
2025-04-22T06:40:03.231398,"[2.710670589424348, 0.9278577996591149]","[8.699924392995197, 0.26697794387906804]",12.065305144770292
2025-04-22T06:40:51.561724,"[3.1037053467376072, 0.9574689204630729]","[66.25609891199977, 0.26836914691317126]",12.458676700090361
2025-04-22T06:41:39.893645,"[2.9499246624710533, 0.9242613472976129]","[8.316720074710041, 0.2601850581852396]",12.188213604556514
2025-04-22T06:42:28.213948,"[2.616586241787573, 0.9124621589200141]","[13.236882375377858, 0.2653563764430076]",12.222815977699584
2025-04-22T06:43:16.552018,"[2.677532985474978, 0.9334913679770116]","[11.654128959103028, 0.26952416184917505]",11.58897432464002
2025-04-22T06:44:04.981556,"[3.022422896054974, 0.9114643979175452]","[8.9729654061632, 0.263664806352089]",10.462139803300065
2025-04-22T06:44:53.327663,"[3.839633815865526, 0.9571201088028243]","[12.00458306069598, 0.26577971864451566]",11.751225825386976
2025-04-22T06:45:41.662177,"[3.7778836280537407, 0.9588278038942275]","[15.00860035460339, 0.2720337106801982]",11.63310878044903
2025-04-22T06:46:30.029477,"[3.543804562994395, 0.9585034352374864]","[11.305762318734677, 0.26498167607328993]",12.54191373892155
2025-04-22T06:47:18.381040,"[3.0138218109266144, 0.9250391125434918]","[12.668353793392804, 0.2638888241354729]",11.80381331642324
2025-04-22T06:48:06.679925,"[2.967469498363284, 0.9148218893049771]","[10.365958261545067, 0.2705184497887636]",11.935785701241507
2025-04-22T06:48:55.011132,"[3.2122204491469613, 0.9334809482210793]","[16.189308698127128, 0.2733233878164336]",12.112954175295966
2025-04-22T06:49:43.335750,"[3.0260827528412038, 0.9259859457685309]","[7.205545684841688, 0.26243976899469024]",11.73936622848701
2025-04-22T06:50:31.907243,"[3.1828300016949775, 0.9574140914263527]","[7.9581899841661645, 0.2606168825105253]",10.121660082928013
2025-04-22T06:51:20.238732,"[3.366565209650579, 0.964844832395932]","[6.194267001271993, 0.25696939735759594]",10.812246108965738
2025-04-22T06:52:08.568329,"[2.700012833333581, 0.9343237286255426]","[9.545207452246961, 0.26846713381098875]",11.178091131840192
2025-04-22T06:52:56.900779,"[2.677261973179677, 0.9407396245032267]","[9.479052649474738, 0.2657770211946495]",11.45079602981126
2025-04-22T06:53:45.226959,"[3.001226293085581, 0.908993738828531]","[8.281921890005213, 0.271322399473537]",12.65512411576605
2025-04-22T06:54:33.559206,"[3.251032953512604, 0.9361175291742394]","[8.205267531378087, 0.2684845899058659]",12.312731822954849
2025-04-22T06:55:21.886150,"[2.8661903965606554, 0.9274396022887346]","[11.289611420550921, 0.26682772984240755]",11.25824413327075
2025-04-22T06:56:10.209306,"[4.165443080271938, 0.9667121304081085]","[10.949425892586612, 0.2653980753303382]",12.091732683044631
2025-04-22T06:56:58.551454,"[3.118508310824649, 0.9419405979241651]","[11.785001361292919, 0.2744803717047697]",12.436916528909995
2025-04-22T06:57:46.879535,"[3.836822247292772, 0.96871611295236]","[10.21275977040203, 0.26971595605602294]",10.923976516496259
2025-04-22T06:58:35.239085,"[4.0880638587831575, 0.9568969551702189]","[11.433253265167927, 0.2607054853842743]",11.597198664506058
2025-04-22T06:59:23.681475,"[2.88377374581248, 0.9279430915423008]","[11.361056020901772, 0.2638608208941422]",12.687929333350656
2025-04-22T07:00:12.020483,"[3.0130014418169506, 0.9358247957325134]","[24.050247107800352, 0.26620465064213183]",12.278716945810137
2025-04-22T07:01:00.355942,"[5.421287293059006, 0.958946645618167]","[11.271289527202404, 0.2658660351843314]",11.784547569403385
2025-04-22T07:01:48.707873,"[3.2497662399613363, 0.942801494555388]","[13.141342415802534, 0.2687607775094496]",12.23286959201941
2025-04-22T07:02:37.072100,"[3.105603019235985, 0.9176832667999517]","[7.238886883141382, 0.26588441261005435]",11.907782004468535
2025-04-22T07:03:25.426107,"[4.461053840098246, 0.9734672456991391]","[10.5217319864537, 0.274806218302436]",12.229166923216042
2025-04-22T07:04:13.762768,"[3.1017962001666017, 0.9504089462376748]","[11.448048385806796, 0.2596253389663965]",11.786273264800448
2025-04-22T07:05:02.080499,"[2.9811877774208995, 0.9283698624719556]","[15.513562675442879, 0.27278204372084547]",11.642811923178968
2025-04-22T07:05:50.414757,"[3.3067254366903898, 0.9796725032364431]","[13.56111635387552, 0.26475047839895094]",11.079078459483748
2025-04-22T07:06:38.742548,"[3.571990940349282, 0.9576432252281246]","[10.570414823222094, 0.2681744269470201]",12.613622379967122
2025-04-22T07:07:27.075963,"[3.396803000384847, 0.9476787669384925]","[7.960906268669926, 0.27314224163080336]",12.04316783670152
2025-04-22T07:08:15.432306,"[3.2877698827796324, 0.9672214914686212]","[9.129003631215978, 0.2718055769468579]",11.715642514522585
2025-04-22T07:09:03.743927,"[4.173838541932208, 0.9697126628252768]","[22.684543036423968, 0.260478991363009]",11.603085759746808
2025-04-22T07:09:52.102335,"[2.722756986360972, 0.9044372047095801]","[13.663551167065657, 0.26222684416801423]",11.31468301111014
2025-04-22T07:10:40.425766,"[3.083138361645244, 0.9488572372934776]","[10.395152705624222, 0.27182635846270564]",11.379057588838377
2025-04-22T07:11:28.752142,"[2.8456622496330386, 0.9280967065681014]","[8.431834474484948, 0.26225378585000225]",10.034540567867808
2025-04-22T07:12:17.113714,"[2.536575900231129, 0.9259631218698829]","[9.257414312820258, 0.2629881955935023]",11.435993015849238
2025-04-22T07:13:05.447101,"[2.88847311610453, 0.9265935530496172]","[12.356442499479535, 0.269317571178473]",10.68821508745772
2025-04-22T07:13:53.776084,"[3.097364776662793, 0.9325477070122732]","[11.309478076159248, 0.2600518986479208]",11.211080285556374
2025-04-22T07:14:42.071283,"[3.0962145143386737, 0.9462133115565012]","[8.377323221402388, 0.2758560541626931]",10.748649291672722
2025-04-22T07:15:30.433398,"[3.1900296048845647, 0.9437277419203878]","[7.1842885420618146, 0.26535369693386235]",12.072725269204073
2025-04-22T07:16:18.761391,"[2.9150345213799214, 0.9230639135625247]","[9.175176595585016, 0.2776653364415975]",11.686494156591118
2025-04-22T07:17:07.125098,"[4.4680741826755845, 0.9556159291222994]","[11.026407558990126, 0.27453945647704847]",11.660725712419925
2025-04-22T07:17:55.454991,"[3.2577047018804084, 0.9404679256841137]","[8.8856486276575, 0.2655569870355836]",10.198185742003679
2025-04-22T07:18:43.716595,"[2.619560804175925, 0.9170900944981426]","[9.340724469850976, 0.2708029700584902]",10.91726052238706
2025-04-22T07:19:32.119589,"[3.0341873782640603, 0.9365151603896118]","[10.647374521990876, 0.26707897346324483]",10.510214377569524
2025-04-22T07:20:20.455209,"[3.186283149344552, 0.9065475647250367]","[10.667888736215003, 0.26699371298320473]",11.658313438936993
2025-04-22T07:21:08.806622,"[2.7709565897977515, 0.9296192372152516]","[8.144368847021358, 0.26574735162662044]",11.876021198037687
2025-04-22T07:21:57.069390,"[3.1268454407446544, 0.958523002835177]","[19.901090105428246, 0.2645029699781394]",11.653638592400506
2025-04-22T07:22:45.437787,"[2.898231889472018, 0.918192556172813]","[11.081825763580081, 0.26527534852609636]",10.722755733863563
2025-04-22T07:23:33.797072,"[2.5085689205192656, 0.9129615332163659]","[6.532143923845409, 0.2632551903945619]",11.661832170030682
2025-04-22T07:24:22.152101,"[3.1799307541195203, 0.9300771140836717]","[10.336894695375559, 0.26804511103732453]",11.190468453283668
2025-04-22T07:25:10.458600,"[3.5042579598086556, 0.9348729489163903]","[7.913397799277679, 0.2724174921314364]",10.822298164624309
2025-04-22T07:25:58.763151,"[2.8595111224660403, 0.9429937898417196]","[12.45583493856248, 0.2721521973162866]",10.704251386388224
2025-04-22T07:26:47.093415,"[2.9347476846431024, 0.9338476946161567]","[10.587960225917952, 0.2685232123278203]",11.09522538246844
2025-04-22T07:27:35.413202,"[3.2926196891469988, 0.9430762189988924]","[9.470455660180237, 0.27345663249250673]",11.923279223644379
2025-04-22T07:28:23.735980,"[2.888701448111113, 0.9176263309042034]","[14.888110921691688, 0.26261259197985254]",11.728811592790125
2025-04-22T07:29:12.108372,"[2.924277280721053, 0.9176425958312824]","[8.131242451331811, 0.26363856501002436]",11.370786114066698
2025-04-22T07:30:00.437908,"[2.6804714753276064, 0.9131085904423726]","[12.782387880433559, 0.2673743532580808]",10.584347312863292
2025-04-22T07:30:48.764394,"[2.8723287421433072, 0.8971670714243092]","[9.286385052022089, 0.25881054581096086]",11.774219452765477
2025-04-22T07:31:37.098944,"[3.1589118459307928, 0.9209002921815488]","[9.832385998525476, 0.27058465326823145]",12.771296111044345
2025-04-22T07:32:25.429933,"[3.4681641552158973, 0.9464425310017051]","[10.321410258438787, 0.2656768841204551]",10.607113016113736
2025-04-22T07:33:13.756218,"[3.1356548344122253, 0.8934219982485683]","[7.856757236167771, 0.26937922398034253]",11.057860892490147
2025-04-22T07:34:02.090920,"[3.215072083990365, 0.9036446384316346]","[6.477665284035112, 0.2739060929830317]",11.813691204870379
2025-04-22T07:34:50.450932,"[3.774003579813691, 0.9566345384059813]","[8.627432675384584, 0.25982888346471533]",11.3526606681458
2025-04-22T07:35:38.894243,"[4.077726572172898, 0.9644530131199462]","[20.954698039320146, 0.2702732481532051]",12.427177275153214
2025-04-22T07:36:27.229349,"[2.4253256827658496, 0.9360111708311711]","[7.727076580526744, 0.2726124221801318]",10.763569816655629
2025-04-22T07:37:15.557101,"[2.560416693044734, 0.9273811135744521]","[11.024599981697941, 0.2611676276705319]",11.338378710528112
2025-04-22T07:38:03.921143,"[4.139418277467071, 0.9461231688260923]","[15.849573576328872, 0.259347679471142]",11.7538214573714
2025-04-22T07:38:52.279639,"[3.164359880498444, 0.93136023633188]","[16.07778414713375, 0.26369735984997966]",13.048717158238336
2025-04-22T07:39:40.584340,"[2.7749608578904748, 0.9077736659328188]","[8.730477978770915, 0.25953616319572825]",9.630828158099066
2025-04-22T07:40:28.911566,"[2.7086269357234904, 0.9123493130215521]","[8.745482953630884, 0.27248412336575933]",11.907095324312632
2025-04-22T07:41:17.263512,"[2.9428471420955034, 0.9453134209333198]","[14.501183168127932, 0.2656145712570481]",11.250082476866947
2025-04-22T07:42:05.598818,"[2.7739231204872508, 0.9121953188956491]","[9.025392370943587, 0.26755723748609483]",10.962907926544835
2025-04-22T07:42:53.959771,"[3.1617430303335534, 0.9554012100995846]","[9.39289050608251, 0.26299758248964666]",10.737768757277081
2025-04-22T07:43:42.289299,"[3.130740185636121, 0.9210687962288593]","[8.900022314606616, 0.2649250977375548]",12.572474861873102
2025-04-22T07:44:30.618134,"[3.426419100533355, 0.9697859696998052]","[7.6505470437668475, 0.2762784315653444]",11.503485425138118
2025-04-22T07:45:18.943948,"[3.703625426338849, 0.9596159556176702]","[7.513947171644301, 0.2598096260041287]",11.893697531602498
2025-04-22T07:46:07.276718,"[3.7099570020934545, 0.9348219320531106]","[8.982235025979204, 0.2688043008362273]",12.086000770537556
2025-04-22T07:46:55.469447,"[2.6781059572465615, 0.9144148091850726]","[10.131369719787598, 0.2660131431034829]",10.460407364428722
2025-04-22T07:47:43.685871,"[3.2681051824044545, 0.926587276708911]","[10.517436790091978, 0.2660413584590593]",12.124626783813149
2025-04-22T07:48:31.996148,"[3.6931457356713984, 0.950712875440539]","[9.418181872778572, 0.2625335220377938]",12.846769086924608
2025-04-22T07:49:21.250587,"[3.0465530663747673, 0.9243808922562771]","[10.54234025857033, 0.26927597018581384]",10.909191583941968
2025-04-22T07:50:09.587058,"[3.914301766453085, 0.9668732018220387]","[9.266531780090501, 0.26206135754399096]",11.209346262020146
2025-04-22T07:50:57.858451,"[3.1504770449570634, 0.9420456158340031]","[9.770213634058342, 0.26553793954351246]",11.516234610654891
2025-04-22T07:51:46.137612,"[3.0591025010763593, 0.9316091352916871]","[10.02080988669044, 0.2624425491317073]",11.771754693245262
2025-04-22T07:52:34.456362,"[3.2280089845924467, 0.9143553930184805]","[8.882945339491851, 0.2654861425930015]",12.326845616917595
2025-04-22T07:53:22.758592,"[2.64202797673237, 0.9163266732618274]","[7.659604413967757, 0.2634937939883284]",10.662536536045861
2025-04-22T07:54:11.091538,"[2.998226779043507, 0.919650042735999]","[9.42483979884909, 0.2631694395799542]",11.281886636118688
2025-04-22T07:54:59.422320,"[4.770120979389445, 0.9644582715758911]","[6.112805551312612, 0.2720804831707948]",11.609550597874954
2025-04-22T07:55:47.773229,"[3.811998467102262, 0.929830059638793]","[11.387989917300262, 0.2663794582280721]",10.510244110626909
2025-04-22T07:56:36.134120,"[3.5347464286623653, 0.8824657828119982]","[10.153007994888695, 0.2670856154662431]",11.555595234049594
2025-04-22T07:57:24.406627,"[2.9751958422777087, 0.938008716058019]","[8.502207523392093, 0.2683077354029839]",12.077669472623827
2025-04-22T07:58:12.763845,"[4.371889934494057, 0.9392910284388587]","[10.796231858195807, 0.2658732633451737]",11.00963440744139
2025-04-22T07:59:01.094107,"[3.5424630987915253, 0.9599315124187786]","[8.054693400308865, 0.27005188313566775]",11.773469248901561
2025-04-22T07:59:49.430472,"[2.6746211733132386, 0.9110901681598671]","[11.921314634507311, 0.26793119427458745]",11.71446692559494
2025-04-22T08:00:37.823899,"[3.661736271016669, 0.9146382893826823]","[12.508819353021876, 0.26786799028423447]",11.099441816906136
2025-04-22T08:01:26.444115,"[3.006350851594272, 0.9231949190477606]","[6.360445736293896, 0.2623939879272261]",12.483387964948367
2025-04-22T08:02:08.983800,"[3.134517110287682, 0.9118583379225815]","[10.393557033260818, 0.26799216754225474]",11.31086731261783
2025-04-22T08:02:57.317805,"[4.042732598093712, 0.9506917477506276]","[14.812322386378517, 0.2653961212582918]",10.659962833886466
2025-04-22T08:03:45.607624,"[2.497044874558487, 0.8993986857048051]","[8.113155972502453, 0.2673252640389383]",12.214252750074222
2025-04-22T08:04:33.932019,"[3.429615148540635, 0.931429398241904]","[11.510920072866163, 0.2649932618784572]",12.684833950807453
2025-04-22T08:05:22.270582,"[3.1798761695753437, 0.9231803812998347]","[10.05843007130614, 0.2713865989814406]",11.299039830442942
2025-04-22T08:06:10.592129,"[3.2334528087331456, 0.9208857737879375]","[9.241071881092168, 0.26551726295569633]",11.976380810622501
2025-04-22T08:06:58.919866,"[3.3423761565473695, 0.9281031761451723]","[8.31425173552923, 0.26460171053643977]",12.2575873056654
2025-04-22T08:07:47.257724,"[3.2742088738773525, 0.8840235132035184]","[11.503159682790905, 0.27023142313195736]",11.022538006679584
2025-04-22T08:08:35.520143,"[2.936068654144143, 0.9253348024151742]","[7.962654048335781, 0.26698668504651524]",11.683485281469485
2025-04-22T08:09:23.757752,"[3.5099975537951393, 0.9363870730979875]","[12.301507793616748, 0.26078298157319413]",11.757751306081895
2025-04-22T08:10:12.086355,"[3.2517141390017206, 0.9147742983024982]","[9.760031435287962, 0.2608394154118123]",11.528816597280352
2025-04-22T08:11:00.395598,"[3.572062972708311, 0.9230005722355399]","[11.77460531018067, 0.2647534765590538]",13.287590092528626
2025-04-22T08:11:48.709430,"[3.771750781179696, 0.939065502660116]","[8.772035366177164, 0.2604734215827942]",10.933495746591268
2025-04-22T08:12:37.016966,"[3.7995889277083172, 0.9447122430389445]","[11.886619422745447, 0.2680573736948526]",11.937777183091256
2025-04-22T08:13:25.372809,"[5.222556069151922, 0.9497076907968927]","[10.564072292454751, 0.26601358626778904]",11.669053501168454
2025-04-22T08:14:13.685209,"[4.060886875395951, 0.9433391605231556]","[10.648184207945443, 0.27392641506094995]",11.582385812837188
2025-04-22T08:15:01.985406,"[3.9252955513320886, 0.960368911456909]","[23.017505959168655, 0.2718198553748761]",11.905480015802134
2025-04-22T08:15:50.300494,"[3.629381070587898, 0.9475964060693047]","[8.527938216609925, 0.2532216814529513]",12.592918654342053
2025-04-22T08:16:38.612683,"[3.379622487394651, 0.9323366742422814]","[12.293274383619265, 0.26970606894465554]",11.817883500647024
2025-04-22T08:17:26.921042,"[3.3861218791037064, 0.941102135689587]","[10.031312236996342, 0.269826689803879]",13.131692844675507
2025-04-22T08:18:15.228197,"[3.084787404136998, 0.945431524725036]","[14.119759613225446, 0.27179224428869375]",12.297673161804537
2025-04-22T08:19:03.511876,"[3.566402688844831, 0.924534880653324]","[11.723371109628426, 0.2708796350512168]",13.054884978686408
2025-04-22T08:19:51.850785,"[3.3907364224974565, 0.9076576611566374]","[11.343699174437543, 0.2658443993565145]",12.356295386891302
2025-04-22T08:20:40.208603,"[4.180335128716813, 0.9227194242089727]","[14.86454043145656, 0.2713701220012794]",11.927459583824735
2025-04-22T08:21:28.503909,"[3.653378932185293, 0.9432973938894693]","[18.031347888888476, 0.26755918368045073]",12.068855183413064
2025-04-22T08:22:16.837517,"[3.891592950164828, 0.9596078936638661]","[8.074242780772023, 0.26331178090158547]",13.014640055736432
2025-04-22T08:23:05.137607,"[3.417616292660247, 0.9369777575615248]","[12.823612132993583, 0.2658859963576212]",11.135792055908462
2025-04-22T08:23:53.466006,"[3.1159568089585488, 0.9530353466699091]","[20.277046736024904, 0.2709915447195641]",11.690954821647026
2025-04-22T08:24:41.759942,"[2.7960955325556895, 0.9161231850906835]","[10.134900512957445, 0.26249106467182903]",11.50834316140884
2025-04-22T08:25:30.070611,"[2.693502268414098, 0.924780986871153]","[19.35674655214805, 0.26798030102113213]",11.682804573816021
2025-04-22T08:26:18.392338,"[3.2157722648297957, 0.9573278798558058]","[9.171438437166074, 0.2638824923104228]",11.806177888187648
2025-04-22T08:27:06.749613,"[3.9433938860171422, 0.9435707994153475]","[8.896183506549479, 0.2664507685299369]",11.950776628154594
2025-04-22T08:27:55.087237,"[3.1471940636957196, 0.9296812867141169]","[12.253208512106092, 0.26481935771744824]",11.892912934766805
2025-04-22T08:28:43.402915,"[3.1235232295896678, 0.9518127122095619]","[9.116486576114767, 0.25730761837818283]",11.14425764470418
2025-04-22T08:29:31.687863,"[3.088717337986883, 0.9310798713437798]","[7.242454586747799, 0.26367798134172515]",12.323588219548686
2025-04-22T08:30:20.018616,"[2.669811417027145, 0.9124366437905742]","[16.04241804041403, 0.2647755195030195]",13.046855946606506
2025-04-22T08:31:08.345907,"[3.61408672390965, 0.9480934739388474]","[8.569449985369182, 0.26820343800897195]",13.306438127341012
2025-04-22T08:31:56.679685,"[3.4354297615331797, 0.9010015277393371]","[11.534136970031044, 0.2669039563076234]",12.04636438350563
2025-04-22T08:32:45.004814,"[2.849160194015971, 0.9138203258694846]","[8.621488058972643, 0.26579213860420703]",11.992075402174004
2025-04-22T08:33:33.341294,"[3.203768747855046, 0.929649297329866]","[10.360414039364722, 0.264469572165956]",11.425686177829558
2025-04-22T08:34:21.666895,"[3.1729700010200412, 0.9185550811543024]","[12.252712538544351, 0.2680131962128658]",12.636448740772638
2025-04-22T08:35:09.996471,"[3.2754628858935493, 0.9335145171583146]","[9.833015415685441, 0.2577557258684515]",11.496552461538734
2025-04-22T08:35:58.357710,"[3.565596930755202, 0.9442794684362394]","[10.514953389330195, 0.2686475476233472]",11.377011607688686
2025-04-22T08:36:46.687158,"[2.8335522358904415, 0.9375569930052761]","[9.649094947958803, 0.2731661087021795]",11.215693161323506
2025-04-22T08:37:35.007034,"[3.2511399220189348, 0.8887647574721194]","[9.892734992762955, 0.2684283592923786]",12.017633980209949
2025-04-22T08:38:23.323542,"[3.3222735240064605, 0.931070005617022]","[15.929646786379385, 0.2654530133475199]",12.27377368105406
2025-04-22T08:39:11.644753,"[3.5192300580236466, 0.9306433989258713]","[7.485032705586616, 0.2664952763952817]",11.447406411666243
2025-04-22T08:40:00.150358,"[4.246186660909829, 0.9363360199821891]","[15.104649006002653, 0.2652470484466809]",11.770765714754669
2025-04-22T08:40:48.478336,"[3.9155911817745457, 0.9410052107263529]","[19.248416531965432, 0.26630207649999393]",12.408656725571053
2025-04-22T08:41:36.793619,"[3.1049214106259395, 0.9287397522881036]","[9.323301595793763, 0.2754161376484454]",12.912280153496843
2025-04-22T08:42:25.077878,"[3.367101543993611, 0.9304587892672589]","[11.061254158315057, 0.26133620614636177]",12.188970875495855
2025-04-22T08:43:13.392581,"[3.7192552263378964, 0.8924055523801409]","[8.638561788596403, 0.264187093889956]",12.236013602038186
2025-04-22T08:44:01.722781,"[3.4819490675037144, 0.9312864069756248]","[10.945180286958337, 0.2689189144725952]",11.865119586916546
2025-04-22T08:44:50.046521,"[3.8795616743816783, 0.9240489897137367]","[9.728734504945205, 0.2648666697030966]",12.45614338832495
2025-04-22T08:45:38.369934,"[3.64037829444449, 0.9485972813064616]","[11.652963993211607, 0.26535644291245486]",11.472524208984398
2025-04-22T08:46:26.673907,"[3.5776870636763394, 0.9237457562009643]","[11.289810249674362, 0.2704000334693206]",12.257119357899395
2025-04-22T08:47:14.998529,"[4.093673741413494, 0.9047058149808311]","[7.5777018640357605, 0.26972084060869816]",11.436287493706045
2025-04-22T08:48:03.376587,"[3.1769441356226134, 0.9380440717452214]","[9.06521483450017, 0.2747119543336787]",12.173097492271516
2025-04-22T08:48:51.697723,"[3.4395153992093626, 0.9418262765614682]","[11.877588912034385, 0.26366282550253306]",12.216419478725095
2025-04-22T08:49:40.385728,"[3.496935103361318, 0.9258371356995845]","[8.614531869610488, 0.25915668079599596]",11.395957843889025
2025-04-22T08:50:28.682526,"[3.5072338786459882, 0.9291362788350996]","[12.48501528929526, 0.2669445430662578]",11.936004461311892
2025-04-22T08:51:16.978712,"[3.235358084497759, 0.9361699339383862]","[9.14961101869396, 0.26888173359184675]",11.42564989266001
2025-04-22T08:52:05.314558,"[3.6460720620384452, 0.9349378121372807]","[9.476094120560113, 0.2646881528133411]",11.263794181103274
2025-04-22T08:52:53.849778,"[3.516960548826805, 0.9117364922540139]","[8.13732923867514, 0.2695677242797725]",12.155251245525676
2025-04-22T08:53:42.155861,"[3.9852497090570425, 0.952290824629662]","[23.435781216724504, 0.26070871389928874]",10.85518653156035
2025-04-22T08:54:30.511801,"[2.853335146441348, 0.9328074222265497]","[12.129592859498288, 0.27837292928327617]",10.964185453473782
2025-04-22T08:55:18.818740,"[4.132616152231963, 0.945353968158205]","[7.351217512224852, 0.26612277533013007]",11.362002728467107
2025-04-22T08:56:07.149215,"[3.5754122841203873, 0.9311308949910528]","[12.000991889741776, 0.2613135903932622]",11.985085511084032
2025-04-22T08:56:55.477094,"[3.7620534405158703, 0.945057841711046]","[6.511578421422967, 0.2637321823465628]",10.750546370231593
2025-04-22T08:57:43.763987,"[3.694519159574601, 0.9279025805537802]","[9.354945192508021, 0.27174752299269356]",12.132597146084057
2025-04-22T08:58:32.043066,"[3.0187165959502216, 0.9292715357813108]","[14.558032868587388, 0.2691857721315132]",12.106362676356257
2025-04-22T08:59:20.339880,"[4.346905370207426, 0.9580615772154562]","[9.920007639505757, 0.26098711860470036]",11.523386487898188
2025-04-22T09:00:08.641841,"[2.9267672937282416, 0.9064611999467154]","[19.970944134591395, 0.2703334610730175]",11.514715756467316
2025-04-22T09:00:56.983867,"[3.097755793601706, 0.9257447771553577]","[9.270959007357302, 0.25992830960370217]",11.52318715558631
2025-04-22T09:01:45.316443,"[3.4553887694906273, 0.9058490264219312]","[7.1969858152566415, 0.2737789203575631]",11.185138585290455
2025-04-22T09:02:33.662247,"[4.704181860214411, 0.8828300147959403]","[10.252858164620152, 0.26722808502199147]",12.495927079918541
2025-04-22T09:03:21.968453,"[3.124649699096039, 0.933363566564124]","[13.03850783722195, 0.27151956721633885]",10.51204683329771
2025-04-22T09:04:10.295478,"[3.325522750285756, 0.9165019457284576]","[13.138562204003883, 0.26409192639323065]",12.71539922538207
2025-04-22T09:04:58.655607,"[3.6640667944876726, 0.9303989372360921]","[6.584488042576539, 0.25917634658505584]",10.911334467351947
2025-04-22T09:05:47.150266,"[3.3152237682561037, 0.9281662796708172]","[12.776279373974864, 0.2723485450967096]",11.180252017266069
2025-04-22T09:06:35.464621,"[3.9473236041217397, 0.9073914593564161]","[6.690008151400356, 0.27153441745379103]",12.305454231753252
2025-04-22T09:07:23.796652,"[3.7105744191231365, 0.9524855552673301]","[12.101316267570061, 0.26601786265176264]",11.370880219155751
2025-04-22T09:08:12.130837,"[2.981723199477847, 0.9153094862050435]","[7.99275214839073, 0.26487917284869056]",11.411817629943263
2025-04-22T09:09:00.435797,"[2.9028832945152945, 0.9431761763254012]","[10.337607103546517, 0.2580585917294229]",12.283542151526918
2025-04-22T09:09:48.755518,"[2.7536482744814363, 0.9021350123441367]","[11.620075254037408, 0.2703543458797659]",11.381019400685025
2025-04-22T09:10:37.060370,"[3.634417602626765, 0.922546546357069]","[16.468818984344793, 0.26460765903488914]",11.382858591158069
2025-04-22T09:11:25.356913,"[3.5737721700939464, 0.9372727889248154]","[7.638923181230998, 0.26600581566961967]",12.64076367041612
2025-04-22T09:12:13.685041,"[3.5379907979566845, 0.9224752994588603]","[22.792368091917048, 0.2624359045811242]",11.348994143510186
2025-04-22T09:13:02.030962,"[4.088596715989855, 0.9539571397306146]","[16.12323345411075, 0.2665989507735316]",10.751066944477499
2025-04-22T09:13:50.325605,"[4.2615102720474, 0.9655910124002167]","[9.355983527117829, 0.27153985447506424]",11.957939127867634
2025-04-22T09:14:38.646646,"[3.35923921152085, 0.9292490293849487]","[12.020290099376743, 0.2549187328562863]",11.185080685236061
2025-04-22T09:15:26.952603,"[3.3171057075632886, 0.9380182766436036]","[7.244659699267182, 0.2653602935905286]",11.951408270162514
2025-04-22T09:16:15.199949,"[4.0475858757467496, 0.9480214207073483]","[7.243153568259534, 0.26455888146012185]",11.1066574027231
2025-04-22T09:17:03.449861,"[3.0830864912893983, 0.924234825673345]","[14.22584729756268, 0.27151181700513627]",11.250504214739589
2025-04-22T09:17:51.762505,"[3.10245911968099, 0.9041589713453422]","[9.350668450367587, 0.2669793288566358]",11.041718939487792
2025-04-22T09:18:40.084566,"[3.000127048538135, 0.9349466907717474]","[7.187712979060041, 0.2747556117038581]",10.965190995822352
2025-04-22T09:19:28.443702,"[3.5053025542650125, 0.9493737390287027]","[7.929774190827203, 0.2613504178104509]",12.667919094638808
2025-04-22T09:20:16.753280,"[3.854883473951148, 0.9542262398290671]","[13.814507831369184, 0.2645766104514897]",11.789288761839696
2025-04-22T09:21:05.079875,"[3.4460240703441585, 0.9491978117805515]","[8.640332372380358, 0.27402476507736395]",10.90948762739546
2025-04-22T09:21:53.401685,"[2.99544843284862, 0.9333617751724241]","[11.187821050550346, 0.2749401151383628]",13.143772471657682
2025-04-22T09:22:42.995416,"[3.130529629504343, 0.8941236613907995]","[7.566218246461765, 0.2741924832811127]",12.059714349930204
2025-04-22T09:23:31.320723,"[3.7388093514611147, 0.9426889180079652]","[12.610088040421212, 0.2661877585320691]",11.459208412944747
2025-04-22T09:24:19.520401,"[3.6615073144149486, 0.9183606500977581]","[7.427457953096264, 0.264630055585624]",11.855334409891148
2025-04-22T09:25:07.839996,"[2.8616176287613504, 0.9428023058654862]","[7.452086135501417, 0.26684099910911385]",11.903265043687608
2025-04-22T09:25:56.193688,"[3.585039865402731, 0.9338298901667184]","[10.145373063854207, 0.26584359529496693]",11.258210885477329
2025-04-22T09:26:44.525617,"[3.7649561833373757, 0.8890777447735148]","[10.190547291897353, 0.2670862169030048]",11.4870901715407
2025-04-22T09:27:32.882732,"[3.61096270185804, 0.9325434948453122]","[15.049557219976178, 0.266590718072925]",11.259180265774377
2025-04-22T09:28:21.213846,"[4.011777181811478, 0.9251087542089835]","[11.10726724187265, 0.2553801774270732]",12.170211594819696
2025-04-22T09:29:09.968607,"[3.118308097341621, 0.9128168411882074]","[10.3779659392701, 0.2689240759806699]",12.357518437453482
2025-04-22T09:29:58.320566,"[3.8807941220646036, 0.9301668989786331]","[14.298878304917377, 0.2664681069962356]",11.699257296614503
2025-04-22T09:30:46.636600,"[3.0219261080938065, 0.9250510327279109]","[18.138670044116314, 0.26145123959854644]",12.893290337091514
2025-04-22T09:31:34.957360,"[5.425221645623969, 0.9474038023517211]","[9.439967346310635, 0.2622242983290892]",11.776971858935967
2025-04-22T09:32:23.489500,"[3.0962682651110995, 0.9303216589366898]","[13.352262521461924, 0.2653411231813694]",11.344352221752564
2025-04-22T09:33:11.878775,"[3.3694110602430536, 0.9257453861527485]","[13.781650240981234, 0.26081928892430284]",13.354093573862258
2025-04-22T09:34:00.147224,"[3.2778082566265274, 0.9275513535394291]","[9.855517182703359, 0.264319882563707]",10.710494555397169
2025-04-22T09:34:48.401765,"[3.953263237278897, 0.9274744652235509]","[8.696853651282398, 0.27366460313999275]",11.971054843728453
2025-04-22T09:35:36.698937,"[4.195560393820354, 0.9488483392568008]","[9.450024571722933, 0.2705405948813806]",11.34927571820057
2025-04-22T09:36:24.970965,"[3.8699805495563426, 0.9536145097027884]","[6.764981899099147, 0.2652220919892856]",11.061832843709658
2025-04-22T09:37:13.170724,"[3.4131276746137402, 0.9370569905371697]","[12.971986207505596, 0.2711598769563057]",12.4192967136304
2025-04-22T09:38:01.211113,"[3.3871640386185167, 0.9225424229358183]","[9.52773376362019, 0.27114438772034255]",11.590907097120567
2025-04-22T09:38:49.351128,"[3.685420724288645, 0.8960301683011771]","[27.193335905854823, 0.2613047924853089]",11.870856718851032
2025-04-22T09:39:37.587163,"[3.72462217253106, 0.9235349899715541]","[10.622006293642025, 0.26222348177470733]",12.011822322420107
2025-04-22T09:40:25.770700,"[3.111275512853315, 0.9212946597284408]","[10.343458079921374, 0.267731026251822]",13.123106571592206
2025-04-22T09:41:13.974688,"[3.000911174823196, 0.9254796902290074]","[11.901448789210145, 0.2605084282372645]",12.574979199655923
2025-04-22T09:42:02.347506,"[3.5372016223198175, 0.9135258136066469]","[18.103911040226645, 0.26106811355340076]",12.419425930389949
2025-04-22T09:42:50.688182,"[4.2480514692800515, 0.9370044690191599]","[11.712916313569876, 0.27139613929309014]",12.412271713870345
2025-04-22T09:43:39.064121,"[4.236518140534565, 0.947518052529015]","[10.500109666934653, 0.26387874094577324]",11.506135168318494
2025-04-22T09:44:27.640097,"[3.4433954790728576, 0.9383230486617213]","[36.30241279902289, 0.2659911147847591]",12.129665979171914
2025-04-22T09:45:16.024837,"[3.731186267954302, 0.9379134782179142]","[8.224166459638731, 0.2644546301086885]",11.822736359771401
2025-04-22T09:46:04.348619,"[3.2376157231100398, 0.8980872427529727]","[12.616924726274926, 0.2656736568919853]",12.32451019214436
2025-04-22T09:46:52.687700,"[3.8607117706961644, 0.9277464355975007]","[11.689234702792591, 0.2677374384904483]",12.427078025921388
2025-04-22T09:47:41.040722,"[4.214042553425714, 0.9098253103723519]","[9.707922282146328, 0.27068321702758125]",12.637113899070664
2025-04-22T09:48:29.457503,"[2.8594221555715684, 0.9260558651724486]","[11.580525362261813, 0.2729336822593318]",10.999076184526679
2025-04-22T09:49:17.827204,"[2.4874488148969176, 0.9415691533114612]","[8.287469970148653, 0.2702790236252386]",11.928212102715332
2025-04-22T09:50:06.187031,"[5.180499598404554, 0.9686190689369307]","[12.51105992667361, 0.2685462384492836]",12.927112152368014
2025-04-22T09:50:54.518998,"[3.7843068795559627, 0.9245050699769761]","[8.330262714190951, 0.2692394175448416]",12.200514125093544
2025-04-22T09:51:42.874821,"[3.0494737303836947, 0.939800606976112]","[9.959085489528098, 0.2687945380945709]",9.958126655704456
2025-04-22T09:52:31.234026,"[3.7091426082399885, 0.9498541376318674]","[9.913649065156639, 0.2691318306806374]",11.903834739350625
2025-04-22T09:53:19.597154,"[3.8078749846744753, 0.9309592467672188]","[9.318213386954401, 0.2607268907407474]",12.615137574668763
2025-04-22T09:54:07.949785,"[3.6922775323591766, 0.9368413865358889]","[7.660840214354433, 0.2689573929700848]",13.163042328980882
2025-04-22T09:54:56.288563,"[4.566819045006442, 0.9351712687637925]","[11.567133969622427, 0.26229558469810854]",12.16688689943779
2025-04-22T09:55:44.642544,"[3.338980465400298, 0.9166058537269093]","[11.063689759088778, 0.27245248029964486]",11.444431358556367
2025-04-22T09:56:33.009158,"[3.5174227694503317, 0.9396394471036706]","[7.042562635480218, 0.2599271268709127]",12.031303896447007
2025-04-22T09:57:21.366913,"[3.423515166091911, 0.9267168665682561]","[12.250685498836681, 0.27214712054416745]",11.314297313846238
2025-04-22T09:58:09.693905,"[3.9522214624914134, 0.9498185156574168]","[4.63171712821238, 0.2644825654638008]",12.458033617359582
2025-04-22T09:58:58.058608,"[3.725526083182955, 0.9306595236364918]","[11.064366390137796, 0.2546203446326638]",10.509828398474058
2025-04-22T09:59:46.390961,"[4.083715370035722, 0.9418181074550738]","[8.085546662795192, 0.2649820251951791]",11.15496019053669
2025-04-22T10:00:34.742720,"[4.6457996319857235, 0.9222264645446856]","[16.51577210302936, 0.2763145374177136]",13.833736427424038
2025-04-22T10:01:23.096397,"[3.4981567579708, 0.93535959954438]","[11.141085939859915, 0.27440541464574997]",10.795322510159835
2025-04-22T10:02:11.439474,"[3.24076916392871, 0.9339330086823452]","[10.797892280284922, 0.2697514286387075]",11.92675894688373
2025-04-22T10:02:59.882459,"[3.329309364863326, 0.9232946396723318]","[13.473627227375909, 0.2701976406633291]",13.533620710245478
2025-04-22T10:03:48.216529,"[3.511477008264021, 0.9220986562524693]","[17.374042159944445, 0.26302135830756956]",12.414989063381647
2025-04-22T10:04:36.572998,"[4.614397110693458, 0.9487399401162904]","[8.413047921483612, 0.26744956517908935]",11.181943461841206
2025-04-22T10:05:24.935704,"[3.5175188748416524, 0.9179402241150441]","[12.870756134265937, 0.26338303139856833]",11.730355135759197
2025-04-22T10:06:13.287584,"[2.9396817696377133, 0.9180574739743377]","[8.224669464237948, 0.26554477874925553]",11.093640996298051
2025-04-22T10:07:01.653072,"[3.4165988013424538, 0.91541649616416]","[11.349215034212298, 0.26566299731612686]",11.986321114523243
2025-04-22T10:07:50.011903,"[3.4089953205797117, 0.924152065027672]","[8.914462315107652, 0.26211483383102685]",11.508263319878747
2025-04-22T10:08:38.349621,"[2.8662312887628696, 0.9253196788526017]","[5.814706912312392, 0.2671975386271086]",11.209483497642136
2025-04-22T10:09:26.666713,"[3.3528085281763746, 0.9258530950186756]","[6.515438388144175, 0.2692190665435814]",12.380604084059602
2025-04-22T10:10:14.808962,"[3.1244289930863323, 0.9200746393922392]","[8.362870464004033, 0.2712899131006985]",11.644078882776967
2025-04-22T10:11:03.201726,"[3.97211908768205, 0.9301915258960505]","[6.007881213671075, 0.26538326474584295]",11.217074580359572
2025-04-22T10:11:51.596054,"[3.1931324832514387, 0.9356956292398433]","[1772741.7724984125, 0.27552730323659214]",11.890103508331118
2025-04-22T10:12:39.699677,"[4.180542907669766, 0.9503465167519884]","[40.12346226337145, 0.2717684305057615]",12.622167879200553
2025-04-22T10:13:27.809739,"[3.620847895267191, 0.9183934144297372]","[9.49987258871486, 0.2674782294560578]",12.290000505095392
2025-04-22T10:14:16.084701,"[3.790054377709975, 0.9626975073415127]","[9.153516846281187, 0.26752357372139013]",12.064387429765203
2025-04-22T10:15:04.416419,"[3.048941084103749, 0.9052149427923566]","[9.333334951663222, 0.2692384892386066]",13.45073546353693
2025-04-22T10:15:52.669434,"[3.0420005834423254, 0.9277671026393097]","[13.879172493667914, 0.2677483038645212]",11.498650121506692
2025-04-22T10:16:40.866005,"[3.8651510348871754, 0.9272800678717461]","[16.00828664818865, 0.27053634905335944]",11.978018006625254
2025-04-22T10:17:28.952860,"[4.530338186765929, 0.9599615335124319]","[12.349275990698738, 0.2693470954031678]",11.717802042093517
2025-04-22T10:18:17.233941,"[3.702212464006494, 0.9457822726167096]","[8.625305143317307, 0.26032328467258736]",11.927347974401876
2025-04-22T10:19:05.366682,"[4.599455905329684, 0.9500927869256679]","[16.482159357367003, 0.2659510574333446]",12.79322545304206
2025-04-22T10:19:53.561972,"[3.8647124929012713, 0.9261494631259559]","[26.66646877825669, 0.2669088886076776]",11.844442154477353
2025-04-22T10:20:41.910673,"[3.2301536528510546, 0.9116158818260227]","[7.8934985533172215, 0.2678955828935421]",11.724173865904431
2025-04-22T10:21:30.182289,"[3.1579385962816384, 0.920613106343799]","[10.627400729287373, 0.27406935747336103]",11.730026955796717
2025-04-22T10:22:18.208367,"[3.9730816943301246, 0.941879775462247]","[19.08689731309516, 0.2644469497686517]",11.617586433202733
2025-04-22T10:23:06.516355,"[3.792985903119428, 0.9050263731061126]","[10.555076294302324, 0.2648254778963959]",11.685923602421155
2025-04-22T10:23:54.788943,"[2.867452479146205, 0.9087583793809118]","[9.789788497008049, 0.267532388712878]",11.222118601598442
2025-04-22T10:24:43.024096,"[3.805803870184511, 0.9248769718125649]","[9.780007081223616, 0.2586368961903722]",11.325390145340114
2025-04-22T10:25:31.347764,"[3.3338915617457374, 0.9145644983070187]","[10.832326552438447, 0.2603954897146967]",11.976557647501796
2025-04-22T10:26:19.685698,"[3.593062415457194, 0.9548919011471626]","[10.624336219290711, 0.2669527264831033]",11.444336548205507
2025-04-22T10:27:07.987112,"[3.1705263272408812, 0.9448663160707609]","[8.74010940558927, 0.2561855709238068]",11.601020840428887
2025-04-22T10:27:56.347045,"[3.0564195634605884, 0.8998452527894716]","[7.583076628725355, 0.27090107718369927]",12.94429378680562
2025-04-22T10:28:44.532203,"[3.728346417969087, 0.9457983305063347]","[7.032997570674351, 0.2746369079353048]",10.239621982916743
2025-04-22T10:29:32.751822,"[2.636294030612428, 0.9058597519945049]","[25.054513670417464, 0.27100383609751777]",11.687749862091703
2025-04-22T10:30:20.984476,"[3.5687348454253143, 0.9326413698417126]","[11.15147238729157, 0.2709624333351859]",11.213670894128784
2025-04-22T10:31:09.242000,"[4.352666010377705, 0.9612508216206237]","[8.478075312874427, 0.2715855584465645]",12.528187264334667
2025-04-22T10:31:57.511952,"[3.0088787485439648, 0.9255743613579526]","[6.011136783579273, 0.274130619292019]",11.351061979477977
2025-04-22T10:32:45.803952,"[2.698314869898558, 0.9352555864330543]","[15.699707919483728, 0.264331577225728]",11.510314766392302
2025-04-22T10:33:34.076472,"[2.4807371404007226, 0.909771015227292]","[7.161901253568365, 0.260446456006743]",11.252408646557058
2025-04-22T10:34:22.378898,"[4.285864016079363, 0.978517521160871]","[10.002032560728836, 0.26313554773435444]",13.017466504356054
2025-04-22T10:35:10.681223,"[3.589109509323457, 0.9561520824395555]","[14.063278850624286, 0.2666040210100493]",10.84559751838775
2025-04-22T10:35:58.988085,"[3.067947245646364, 0.908911070981675]","[8.395629685752922, 0.26009913164418563]",11.20082585741932
2025-04-22T10:36:47.255265,"[2.933003016609956, 0.9441059853123477]","[8.766329368204447, 0.25898499129878694]",11.057173385660729
2025-04-22T10:37:35.493268,"[5.176904613409053, 0.9640974448638189]","[9.502591965551357, 0.26223047445295355]",10.727123256077768
2025-04-22T10:38:23.770001,"[3.409216576796974, 0.9514491733493826]","[6.2238318008152715, 0.27282628028397715]",11.520669002074914
2025-04-22T10:39:12.056682,"[3.2060373237657083, 0.9356089389142932]","[11.525001118909438, 0.2714513591874428]",11.357168675955222
2025-04-22T10:40:00.508222,"[3.081885669862102, 0.9458318242257482]","[10.404205256523575, 0.26489151640302433]",12.119500158787199
2025-04-22T10:40:48.729637,"[3.4716937588128256, 0.9682020831287077]","[13.159947644833458, 0.25898645017319977]",12.670533026314322
2025-04-22T10:41:36.958294,"[4.158810978393305, 0.9629076135912409]","[10.624419323313875, 0.2669150622385241]",13.164537378507328
2025-04-22T10:42:25.255246,"[3.446420047396319, 0.9437480512542424]","[27.90150878261541, 0.2679938983907566]",12.261082896049965
2025-04-22T10:43:13.434580,"[3.633835677813638, 0.9172889047746273]","[12.668864330437241, 0.2581174483998039]",12.324016203538472
2025-04-22T10:44:01.721735,"[3.422161004196662, 0.9532801297838693]","[8.986481503301766, 0.27368423978739864]",12.080708094982786
2025-04-22T10:44:49.988841,"[3.668693028052478, 0.9261688757248638]","[10.781416222434018, 0.27643414602597405]",12.372311246045673
2025-04-22T10:45:38.259009,"[3.8255299863099403, 0.9455354005838061]","[11.885196343023578, 0.2717833103488436]",12.390867403747786
2025-04-22T10:46:26.549242,"[4.1656538872272195, 0.9565196641151181]","[7.52447644648878, 0.2604461992087903]",12.578868651374501
2025-04-22T10:47:14.842799,"[3.7718069048612937, 0.9350525330282533]","[10.184862998811136, 0.2633766426632076]",11.858711432052717
2025-04-22T10:48:03.186223,"[2.9197577287166268, 0.920841775828841]","[12.824576305664964, 0.2734959720708372]",11.587673542292347
2025-04-22T10:48:51.721385,"[3.8874491381076655, 0.9628199603554908]","[14.392404570117302, 0.27234959288420857]",12.686800581240607
2025-04-22T10:49:40.050567,"[3.7225973325739155, 0.9485584185788345]","[11.695272219340241, 0.26247730839220385]",11.869612259576112
2025-04-22T10:50:28.388935,"[3.239729049566758, 0.9047056735250045]","[17.936046624724092, 0.2646077481268221]",12.755177083061968
2025-04-22T10:51:16.666417,"[2.927442910145047, 0.9341117989970118]","[10.17570224509978, 0.27029604263433216]",11.58811940359876
2025-04-22T10:52:04.918684,"[3.5467078203832076, 0.9382618052312726]","[12.818988087127389, 0.2575595075014365]",11.970948740537587
2025-04-22T10:52:53.280515,"[3.8500765019129095, 0.923545848218708]","[13.6535824748798, 0.2646264410105341]",11.651106390278407
2025-04-22T10:53:41.641013,"[3.4523699187578645, 0.9656753054531495]","[7.781785915277862, 0.2722127244352439]",11.838672099903029
2025-04-22T10:54:30.028663,"[2.98531572322983, 0.9480190490910463]","[6.895885783505892, 0.2584058034077259]",11.200889254654076
2025-04-22T10:55:18.366612,"[2.694637201227558, 0.9173871180091062]","[9.60796099564616, 0.2669161296177349]",11.668749220618293
2025-04-22T10:56:06.812241,"[2.99744592681667, 0.9292616078595812]","[14.606752608462033, 0.26364393646144046]",11.710534489665974
2025-04-22T10:56:55.149739,"[2.958160843096733, 0.927583195550369]","[7.237963921260426, 0.26610328458330645]",10.601718147255175
