Timestamp,Q1 T1 (us),Q1 T1 sigma,Q1 T4 (us),Q4 T1 sigma,mux Q1 T1 (us),muxQ1 T1 sigma,mux Q4 T1 (us),muxQ4 T1 sigma
2025-05-09 22:51:02,33.835295,2.050194,59.409121,4.737460,18.582460,1.014372,44.846179,3.017183
2025-05-09 22:58:44,36.512097,1.812404,47.674268,2.519158,20.629453,0.942992,51.047993,3.374612
2025-05-09 23:06:24,38.090966,1.993079,49.242713,3.711958,26.963286,1.269038,45.637434,2.663522
2025-05-09 23:14:05,43.403812,1.934253,48.548794,3.996389,22.325136,1.290307,50.287465,3.868281
2025-05-09 23:21:46,36.170254,1.952114,52.145780,4.004142,21.086645,0.964763,56.222743,4.391782
2025-05-09 23:29:27,38.252135,1.862286,56.576112,4.338358,20.915011,1.144514,49.870508,3.138094
2025-05-09 23:37:07,44.196036,2.211601,42.462412,2.976428,21.450274,1.029254,39.885438,2.576520
2025-05-09 23:44:48,40.208864,2.201373,48.296876,3.494951,23.258548,1.182623,46.387540,3.321441
2025-05-09 23:52:29,32.667623,1.640067,44.479249,2.793016,21.111343,0.991836,62.590979,4.586785
2025-05-10 00:00:09,35.153394,1.752570,53.905922,5.116723,20.574730,1.114298,67.396449,5.122649
2025-05-10 00:07:50,39.984190,1.879435,52.230537,3.991395,25.250430,1.249036,56.650977,3.485856
2025-05-10 00:15:31,37.947338,2.163021,59.673601,4.505558,21.216035,0.972492,55.788936,3.262982
2025-05-10 00:23:12,41.594751,2.079574,54.913419,3.073812,24.166297,1.122663,60.075512,4.202079
2025-05-10 00:30:52,37.547948,2.077711,53.804275,3.410849,26.380054,1.042101,52.578481,3.660381
2025-05-10 00:38:33,44.088510,1.728764,52.543275,3.586737,23.620592,0.890357,66.991784,6.218391
2025-05-10 00:46:14,39.935979,1.518544,51.586366,3.568598,21.635481,0.940948,52.450566,2.847719
2025-05-10 00:53:54,37.956319,1.987435,39.400148,2.568154,22.794660,1.026958,52.822257,3.335895
2025-05-10 01:01:35,39.740574,2.037785,51.946129,2.785184,22.528436,1.041869,56.561073,3.231713
2025-05-10 01:09:16,41.308279,2.100052,59.639027,3.565941,22.341464,1.038679,60.115733,3.948092
2025-05-10 01:16:56,42.267125,2.555644,56.613712,4.080423,19.650287,0.811855,58.484576,4.422534
2025-05-10 01:24:37,36.163675,1.848277,60.624111,3.227611,21.140979,0.945847,56.874663,3.884745
2025-05-10 01:32:18,37.337490,1.856554,54.576005,3.760910,19.745571,0.964653,47.346489,3.315083
2025-05-10 01:39:59,40.586200,2.011917,41.165628,2.872212,24.613955,1.096026,46.010498,2.549825
2025-05-10 01:47:39,49.262877,2.441926,47.940693,3.023714,26.116859,1.047939,47.112708,3.056195
2025-05-10 01:55:20,46.898177,2.646491,44.258448,3.029869,19.916873,0.868896,42.495225,2.318915
2025-05-10 02:03:01,42.380676,1.920497,44.278321,2.736362,24.303506,0.894011,42.015013,2.555866
2025-05-10 02:10:42,39.979111,1.709294,43.147768,2.293535,19.376964,0.802778,39.337764,2.162397
2025-05-10 02:18:22,38.549692,1.967380,38.057145,2.432245,23.685502,1.052092,38.085173,2.376004
2025-05-10 02:26:03,34.472402,1.555747,46.688719,3.105210,15.262296,0.785783,42.738022,2.751046
2025-05-10 02:33:44,27.018644,1.171422,37.971898,2.263357,14.541071,0.908358,44.740125,2.490415
2025-05-10 02:41:24,24.761558,1.069332,38.304154,2.421705,13.166047,0.695677,41.462704,2.631024
2025-05-10 02:49:05,26.371732,1.059465,45.704148,2.876029,16.179528,0.758224,41.379018,2.315789
2025-05-10 02:56:46,34.523525,1.690848,41.836516,2.481008,18.112573,0.742132,43.733528,3.288726
2025-05-10 03:04:27,37.412965,1.656756,45.504705,2.623323,18.890864,0.980282,49.557825,2.859054
2025-05-10 03:12:07,38.955539,1.744733,46.052450,2.483857,21.354967,1.298752,52.420303,3.205421
2025-05-10 03:19:48,41.461154,2.076719,56.184557,3.355457,24.929764,1.027210,60.482958,5.015908
2025-05-10 03:27:29,41.700970,2.044070,57.001256,3.862491,24.574545,0.956440,52.398367,3.184952
2025-05-10 03:35:09,40.602518,1.869139,55.221317,3.912197,19.782792,1.342766,56.414536,4.750514
2025-05-10 03:42:48,38.078453,2.076781,55.976158,3.730615,17.768360,0.898545,59.224362,4.545914
2025-05-10 03:50:28,36.325166,2.169641,50.922318,2.566471,19.983055,1.047639,55.869501,4.726393
2025-05-10 03:58:09,36.776387,1.840735,54.945926,3.711857,24.233118,1.011686,48.917365,3.226926
2025-05-10 04:05:50,38.772828,1.871211,53.149992,4.411472,22.742007,1.120037,64.246953,4.180053
2025-05-10 04:13:31,38.825083,2.440780,49.114542,3.574278,24.760891,1.253166,58.959355,4.159668
2025-05-10 04:21:11,46.469637,3.021323,54.279555,4.233173,25.666866,1.166645,52.060127,3.109927
2025-05-10 04:28:52,47.791381,2.301428,49.514242,3.215741,25.205568,1.472888,37.798060,2.102088
2025-05-10 04:36:33,43.263776,2.438325,43.597466,3.169291,16.377931,1.170156,32.210199,9.785107
2025-05-10 04:44:14,29.486927,3.202931,31.235896,13.654687,16.553399,1.713899,49.546781,26.638373
2025-05-10 04:51:55,24.686109,2.225649,59.233409,78.648129,12.173940,1.821169,12.826636,6.829594
2025-05-10 04:59:35,30.031630,3.633186,28.098722,12.517440,18.708013,1.753496,66.703136,74.715690
2025-05-10 05:07:16,35.993747,4.303507,5.928510,inf,17.341356,2.385440,36.609698,36.389429
2025-05-10 05:14:57,27.819144,2.897728,13.313587,7.952469,14.931528,1.801092,84.425736,118.749645
2025-05-10 05:22:37,22.967420,2.472185,16.898355,8.895069,13.443520,2.106878,46.950697,39.821092
2025-05-10 05:30:18,28.527262,2.251663,66.238366,68.743561,16.026167,1.529667,53.862507,10.652129
2025-05-10 05:37:59,34.916459,2.390343,44.903969,3.694402,18.812726,0.936010,59.724442,5.484019
2025-05-10 05:45:39,37.976769,2.506125,42.902924,3.412456,19.651014,1.130272,32.498073,1.843771
2025-05-10 05:53:20,37.799417,2.530184,43.458102,3.085192,24.405594,1.488349,36.625018,2.711812
2025-05-10 06:01:01,37.232647,1.760957,40.030910,3.030207,23.847695,1.084853,51.596803,3.764806
2025-05-10 06:08:41,43.604288,2.564929,52.658886,4.001080,22.986152,1.067667,57.163588,3.674587
2025-05-10 06:16:22,35.704463,1.962622,55.365208,3.832716,21.410755,1.705797,52.296169,3.646275
2025-05-10 06:24:03,39.399347,2.845485,65.067413,5.470192,21.692129,1.366348,56.834187,4.191155
2025-05-10 06:31:44,33.553113,1.801409,54.127546,3.847660,21.603139,1.128906,51.653402,2.673371
2025-05-10 06:39:24,44.454309,2.383658,58.685198,4.726757,28.478220,1.872145,64.350714,4.179123
2025-05-10 06:47:05,48.515929,3.948706,54.165691,3.797229,24.999821,1.228819,54.990975,3.720583
2025-05-10 06:54:46,42.207210,2.372047,54.116760,4.253077,24.946757,1.418791,57.139416,3.806599
2025-05-10 07:02:26,34.563855,1.976235,56.076569,4.413698,19.808281,1.066650,51.719936,3.710229
2025-05-10 07:10:07,36.367077,1.896881,52.267333,3.270958,21.803304,0.805566,50.641051,3.252866
2025-05-10 07:17:48,36.008203,1.728758,56.851969,3.993041,20.157743,0.910422,55.450075,3.690197
2025-05-10 07:25:28,45.096431,3.096000,53.471109,3.248570,21.948091,0.932164,54.917470,3.457933
2025-05-10 07:33:09,41.132711,2.214811,51.100822,3.547217,28.006871,1.266830,69.899519,6.022441
2025-05-10 07:40:50,43.192770,2.154046,54.506729,3.479669,26.033298,1.387817,51.250736,3.225404
2025-05-10 07:48:30,43.932070,2.346218,48.446384,2.974947,23.258208,1.065832,45.812293,2.687542
2025-05-10 07:56:11,37.768484,1.636880,48.850075,2.692128,24.187310,1.139099,60.560667,3.719787
2025-05-10 08:03:52,38.023353,1.838495,49.914950,2.839883,24.473499,1.431521,56.651136,3.795034
2025-05-10 08:11:33,42.781969,2.553103,53.844477,3.499266,24.073823,1.228520,52.337846,3.078170
2025-05-10 08:19:13,41.468177,1.862227,48.036700,2.416825,24.870550,1.225942,53.378361,2.725557
2025-05-10 08:26:54,37.371521,2.031620,60.463735,3.915574,23.954294,1.114024,55.183606,3.256119
2025-05-10 08:34:35,36.741039,1.844326,55.854747,3.283534,23.800458,1.284935,57.566318,3.699534
2025-05-10 08:42:16,43.676097,2.453051,48.625315,3.000732,25.744210,1.117544,51.741153,3.175386
2025-05-10 08:49:56,37.508034,1.982149,53.568142,3.213297,22.686599,1.064869,58.130552,3.665692
2025-05-10 08:57:37,37.560862,1.477491,52.809442,3.033258,19.033112,0.788327,56.144840,3.742284
2025-05-10 09:05:18,38.003443,1.718812,56.922459,3.435468,19.777019,0.907162,52.392800,2.711040
2025-05-10 09:12:59,38.677532,1.879604,56.863155,3.880908,19.957036,0.864020,60.168038,4.401142
2025-05-10 09:20:39,42.188652,2.397093,58.738790,3.574473,23.844063,1.337738,55.399816,3.893310
2025-05-10 09:28:20,44.197770,2.437536,51.027670,3.323581,24.793700,1.316024,47.406877,3.091837
2025-05-10 09:36:01,38.916343,1.459890,50.509207,2.332356,22.776518,1.109793,52.994769,2.169504
2025-05-10 09:43:41,35.682286,1.387821,55.690014,4.570441,23.761124,1.208603,53.560293,3.524040
2025-05-10 09:51:22,43.410152,2.274279,55.927165,3.897772,19.883044,1.149772,55.224036,3.503314
2025-05-10 09:59:03,33.690099,1.589871,55.442770,3.023773,20.845692,0.945730,57.426476,3.774062
2025-05-10 10:06:43,40.183080,2.070350,52.738898,3.357979,21.506976,1.072173,56.073085,3.280093
2025-05-10 10:14:24,35.937471,1.779493,57.521136,4.273268,21.605561,1.036824,55.438376,3.592377
2025-05-10 10:22:05,35.023713,1.755886,53.787705,3.860991,19.504521,0.833393,52.191565,3.141200
2025-05-10 10:29:45,35.709827,1.881946,51.864874,2.564679,20.373629,0.858295,52.459621,3.620670
2025-05-10 10:37:26,34.190490,1.530307,53.378412,3.419926,19.177740,0.927736,50.315349,3.183489
2025-05-10 10:45:07,32.268150,1.473610,54.487933,3.203268,20.834420,1.138272,56.594652,4.256430
2025-05-10 10:52:47,29.959768,1.518822,62.084361,3.965320,19.126531,0.781677,50.896349,2.865029
2025-05-10 11:00:29,34.883071,1.832920,48.805647,2.965508,19.028162,0.920750,57.220089,4.023053
2025-05-10 11:08:09,37.199834,1.792821,45.031074,2.457552,19.021931,0.764099,53.831767,3.357171
2025-05-10 11:15:50,32.256102,1.427999,54.202413,3.231122,17.448876,0.841510,51.675607,2.972147
2025-05-10 11:23:30,34.047565,1.445750,49.827466,2.763749,18.109082,1.104697,53.003664,3.837983
2025-05-10 11:31:11,36.663341,1.845667,49.751049,2.655624,20.180324,1.215516,55.961269,3.887677
2025-05-10 11:38:52,34.643544,1.844333,48.599051,3.310990,20.140195,1.034509,47.442132,3.094652
2025-05-10 11:46:33,34.798785,1.681411,51.989269,2.965403,18.825107,0.855709,55.049423,3.522397
2025-05-10 11:54:13,37.940938,1.973241,49.001910,3.192249,19.779257,1.039281,47.080512,2.877543
2025-05-10 12:01:54,35.555476,1.974200,53.688001,3.421390,19.433407,0.989153,53.304199,2.648561
2025-05-10 12:09:35,31.994925,1.782943,51.058226,2.988683,19.529473,0.946033,45.127713,2.624838
2025-05-10 12:17:16,38.307974,2.064444,54.301874,3.171738,16.821754,0.824722,51.955916,2.946193
2025-05-10 12:24:56,30.459245,1.929982,44.736884,2.388616,13.939072,1.008396,50.922646,3.011586
2025-05-10 12:32:37,31.612555,2.221075,44.633615,3.122576,16.349830,0.818734,46.268756,2.751336
2025-05-10 12:40:17,27.588967,2.014506,53.071615,3.873878,14.502446,1.019163,43.995734,2.439296
2025-05-10 12:47:56,32.257991,2.134662,47.436991,2.295306,15.544301,0.930493,47.874737,3.330897
